bill_id,state_abbr,bill_number,title,status,last_action_date,last_action,url,matched_term
2019400,GA,HB902,Insurance; transparency and accountability in rates and rate regulation after enactment of tort reform law; provide,In Committee,2026-01-12,House Second Readers,https://legiscan.com/GA/bill/HB902/2025,tort reform
1935717,IA,SF84,"A bill for an act relating to noneconomic, punitive, and exemplary damage awards against health care providers and hospitals.",In Committee,2025-01-23,"Subcommittee: Schultz, Blake, and Bousselot. S.J. 136.",https://legiscan.com/IA/bill/SF84/2025,punitive damages cap
1936038,IA,SF77,"A bill for an act relating to tort liability in civil actions involving commercial motor vehicles, including employer liability, noneconomic damages, punitive damages, and exemplary damages.",In Committee,2025-01-23,"Subcommittee: Dickey, Knox, and Schultz. S.J. 136.",https://legiscan.com/IA/bill/SF77/2025,punitive damages cap
2068093,IN,HB1417,Causes of action and damages.,Passed,2026-02-19,"Committee report: amend do pass, adopted",https://legiscan.com/IN/bill/HB1417/2026,tort reform
2088346,KS,HB2501,"Senate Substitute for HB 2501 by Committee on Federal and State Affairs - Providing for immunity from civil liability to federal firearms licensees for returning a firearm to the firearm owner at the termination of a firearm hold agreement, removing the criminal prohibition against firearm suppressors and shotgun barrel length qualification requirements and providing enhanced penalties for certain felonies committed while using a firearm suppressor or short-barrel shotgun.",Passed,2026-04-09,"House Approved by Governor on Thursday, April 9, 2026",https://legiscan.com/KS/bill/HB2501/2025,tort reform
2067861,KY,HB78,AN ACT relating to firearms liability protections and declaring an emergency.,Active,2026-04-14,delivered to Secretary of State (Acts Ch. 177),https://legiscan.com/KY/bill/HB78/2026,tort reform
2018223,MN,HF2956,Cap on reasonable attorney fees and punitive damages for certain actions in places of public accommodation alleging discrimination.,In Committee,2025-04-01,"Introduction and first reading, referred to Judiciary Finance and Civil Law",https://legiscan.com/MN/bill/HF2956/2025,punitive damages cap
2012743,MN,SF2891,Cap on reasonable attorney fees and punitive damages for certain actions in places of public accommodation alleging discrimination removal,In Committee,2025-03-24,Referred to Judiciary and Public Safety,https://legiscan.com/MN/bill/SF2891/2025,punitive damages cap
1941695,MN,SF662,Civil cause of action establishment for the nonconsensual removal of a condom,Active,2025-03-06,Authors added Oumou Verbeten; Clark; Westlin; Johnson Stewart,https://legiscan.com/MN/bill/SF662/2025,punitive damages cap
2060958,MO,SB1467,Modifies the applicable cap on damages for sovereign immunity claims,In Committee,2026-02-05,Second Read and Referred S General Laws Committee,https://legiscan.com/MO/bill/SB1467/2026,punitive damages cap
1930276,ND,SB2290,When a court or jury may give exemplary damages.,Active,2025-03-27,Filed with Secretary Of State 03/26,https://legiscan.com/ND/bill/SB2290/2025,dram shop liability
1904733,ND,HB1142,The statutory caps for liability of political subdivisions and the state; and to provide an effective date.,Active,2025-03-25,Filed with Secretary Of State 03/24,https://legiscan.com/ND/bill/HB1142/2025,punitive damages cap
2096972,NJ,A3735,"""Polluters Pay to Make New Jersey More Affordable Act""; imposes liability on certain fossil fuel companies for funds needed for climate change adaptation projects; establishes program in DEP to collect and distribute funds.",In Committee,2026-06-04,Reported as an Assembly Committee Substitute and Referred to Assembly Commerce and Economic Development Committee,https://legiscan.com/NJ/bill/A3735/2026,punitive damages cap
2150001,NJ,A5120,Clarifies protections and remedies under New Jersey Civil Rights Act; establishes certain aggravating factors regarding award of punitive damages.,In Committee,2026-05-18,"Introduced, Referred to Assembly Judiciary Committee",https://legiscan.com/NJ/bill/A5120/2026,punitive damages cap
2148986,NJ,S4231,Establishes offense of harassment of residential tenant; expands liability of certain members of limited liability company that own residential rental properties.,In Committee,2026-05-14,"Introduced in the Senate, Referred to Senate Community and Urban Affairs Committee",https://legiscan.com/NJ/bill/S4231/2026,punitive damages cap
2147775,NJ,S4207,Clarifies protections and remedies under New Jersey Civil Rights Act; establishes certain aggravating factors regarding award of punitive damages.,In Committee,2026-05-11,"Introduced in the Senate, Referred to Senate Judiciary Committee",https://legiscan.com/NJ/bill/S4207/2026,punitive damages cap
2123489,NJ,S3711,"Establishes ""Fight Unlawful Conduct and Keep Individuals and Communities Empowered Act""; permits civil action for violations of US Constitution related to immigration enforcement.",Failed/Dead,2026-05-11,Withdrawn from Consideration,https://legiscan.com/NJ/bill/S3711/2026,punitive damages cap
2120418,NJ,A4446,"Establishes ""Fight Unlawful Conduct and Keep Individuals and Communities Empowered Act""; permits civil action for violations of US Constitution related to immigration enforcement.",Failed/Dead,2026-05-07,Withdrawn from Consideration,https://legiscan.com/NJ/bill/A4446/2026,punitive damages cap
2147908,NJ,A4928,Establishes offense of harassment of residential tenant; expands liability of certain members of limited liability company that own residential rental properties.,In Committee,2026-05-07,"Introduced, Referred to Assembly Housing Committee",https://legiscan.com/NJ/bill/A4928/2026,punitive damages cap
2137241,NJ,S4105,"""Social Media Fairness and Transparency Act""; establishes requirements for social media companies concerning content moderation practices; establishes cause of action against social media companies for violation of content moderation practices.",In Committee,2026-05-04,"Introduced in the Senate, Referred to Senate Commerce Committee",https://legiscan.com/NJ/bill/S4105/2026,punitive damages cap
2134379,NJ,A4768,"""Social Media Fairness and Transparency Act""; establishes requirements for social media companies concerning content moderation practices; establishes cause of action against social media companies for violation of content moderation practices.",In Committee,2026-03-19,"Introduced, Referred to Assembly Science, Innovation and Technology Committee",https://legiscan.com/NJ/bill/A4768/2026,punitive damages cap
2076642,NJ,S1388,Prohibits health club services contracts from limiting liability for injuries caused by negligence of health club.,In Committee,2026-02-24,"Received in the Assembly, Referred to Assembly Judiciary Committee",https://legiscan.com/NJ/bill/S1388/2026,punitive damages cap
2103517,NJ,S3315,Clarifies that punitive damages may not be awarded against public entities or public employees acting within the scope of their employment in any action.,In Committee,2026-02-05,"Introduced in the Senate, Referred to Senate Judiciary Committee",https://legiscan.com/NJ/bill/S3315/2026,punitive damages cap
2098151,NJ,A3189,Prohibits wrongful life and wrongful birth suits.,In Committee,2026-01-13,"Introduced, Referred to Assembly Judiciary Committee",https://legiscan.com/NJ/bill/A3189/2026,tort reform
2075497,NJ,S3120,Repeals no-fault automobile insurance law and requires mandatory liability insurance law for motor vehicles.,In Committee,2026-01-13,"Introduced in the Senate, Referred to Senate Commerce Committee",https://legiscan.com/NJ/bill/S3120/2026,tort reform
2075019,NJ,S2295,Disallows tax deduction under corporation business tax and gross income tax for punitive damages paid in connection with legal action; includes amount paid as punitive damages on behalf of taxpayer in income for tax purposes.,In Committee,2026-01-13,"Introduced in the Senate, Referred to Senate Judiciary Committee",https://legiscan.com/NJ/bill/S2295/2026,punitive damages cap
2099186,NJ,A607,Expands crime of bias intimidation; establishes additional penalties for crimes of bias intimidation and harassment; establishes bias intimidation motivation damages.,In Committee,2026-01-13,"Introduced, Referred to Assembly Judiciary Committee",https://legiscan.com/NJ/bill/A607/2026,punitive damages cap
2096366,NJ,A2118,Prohibits self-service storage facilities from charging certain punitive fees to consumers paying with vouchers under certain circumstances.,In Committee,2026-01-13,"Introduced, Referred to Assembly Consumer Affairs Committee",https://legiscan.com/NJ/bill/A2118/2026,punitive damages cap
2096948,NJ,A2530,Creates a civil cause of action for stalking.,In Committee,2026-01-13,"Introduced, Referred to Assembly Judiciary Committee",https://legiscan.com/NJ/bill/A2530/2026,punitive damages cap
2098538,NJ,A2488,"Defines conduct which constitutes voter disenfranchisement and establishes penalties therefor; authorizes private cause of action for voter disenfranchisement; creates Independent Election Oversight Committee; establishes public awareness campaign on voting rights; appropriates $100,000.",In Committee,2026-01-13,"Introduced, Referred to Assembly State and Local Government Committee",https://legiscan.com/NJ/bill/A2488/2026,punitive damages cap
2095859,NJ,A2113,Prohibits health club services contracts from limiting liability for injuries caused by negligence of health club.,In Committee,2026-01-13,"Introduced, Referred to Assembly Judiciary Committee",https://legiscan.com/NJ/bill/A2113/2026,punitive damages cap
2075824,NJ,S861,Establishes certain requirements for social media websites concerning content moderation practices; establishes cause of action against social media websites for violation of content moderation practices.,In Committee,2026-01-13,"Introduced in the Senate, Referred to Senate Commerce Committee",https://legiscan.com/NJ/bill/S861/2026,punitive damages cap
2075784,NJ,S1939,"""Personal Injury Trust Fund Transparency Act;"" requires plaintiff to file personal injury trust claims under certain circumstances; addresses allocation of trust claims; establishes scheduling and discovery requirements for certain tort actions.",In Committee,2026-01-13,"Introduced in the Senate, Referred to Senate Judiciary Committee",https://legiscan.com/NJ/bill/S1939/2026,punitive damages cap
2088881,NY,A10007,"Enacts into law major components of legislation necessary to implement the state health and mental hygiene budget for the 2026-2027 state fiscal year; extends provisions requiring the quarterly assessment of known and projected department of health state fund Medicaid expenditures (Part A); extends certain health provisions (Part B); extends certain provisions of law relating to the health care reform act; extends provisions relating to the distribution of pool allocations and graduate medical education; extends provisions relating to health care initiative pool distributions; extends payment provisions for general hospitals; extends provisions relating to assessments on covered lives; extends the personal care services worker recruitment and retention program (Part C); relates to insurance coverage for medical malpractice paid for by funds from the hospital excess liability pool; extends portions of the New York Health Care Reform Act of 1996 (Part D); makes technical corrections to certain provisions of law relating to the New York State Dental Foundation and other provisions of law (Part F); relates to automated external defibrillators (AEDs) (Part G); extends certain provisions relating to payments from the New York state medical indemnity fund (Part I); relates to temporary health care services agencies and protecting individuals engaged to provide health care services by such agencies (Part J); restores capital rate reductions for nursing homes (Part L); limits the amount payable for certain services provided to certain eligible persons who are also beneficiaries under part B of title XVII of the federal social security act or are also qualified Medicare beneficiaries; clarifies Medicaid requirements for biomarker testing (Part M); relates to hospital and nursing home fee-for-service reimbursement rates and reductions in hospital capital rate add-ons (Part O); directs the commissioners of the office of mental health, office for people with developmental disabilities, office of addiction services and supports, office of temporary and disability assistance, office of children and family services and the director of the state office for the aging to establish a state fiscal year 2026-2027 targeted inflationary increase for projecting for the effects of inflation upon rates of payments, contracts, or any other form of reimbursement for certain programs and services; requires such commissioners and director to provide funding to support a 2.7% targeted inflationary increase for such programs and services (Part P); changes ""substance use"" to substance-related and addictive disorder claims for purposes of the insurance law and public health law (Part R); relates to the effectiveness of provisions of law relating to Medicaid management; removes certain provisions providing for lower minimum amounts of certain state aid for the city of New York than the rest of the state (Part T); extends certain government rates for behavioral services referencing the office of addiction services and supports and relates to the effectiveness thereof (Part U); relates to the effectiveness of certain provisions of law relating to the closure or transfer of a state-operated individualized residential alternative (Part V); extends the care demonstration program (Part W); relates to medical assistance for needy persons age sixty-five or older and who are eligible for medical assistance but for their immigration status through the fee-for-service program (Part X); provides for an amended New York managed care organization provider tax at a rate of 0.35% effective January 1, 2027 (Part Y); provides that services provided in school-based health centers shall not be provided to medical assistance recipients through managed care programs (Part Z); extends provisions of law relating to reimbursement rates for medically fragile children and pediatric diagnostic and treatment centers (Part AA); amends provisions for dispute resolution for emergency services and surprise bills; provides for benchmarking of amounts allowed for health care services provider in the same or similar specialty and provided in the same geographical area (Part BB).",Enacted,2026-05-28,signed chap.57,https://legiscan.com/NY/bill/A10007/2025,joint and several liability reform
2088662,NY,S09007,"Enacts into law major components of legislation necessary to implement the state health and mental hygiene budget for the 2026-2027 state fiscal year; extends provisions requiring the quarterly assessment of known and projected department of health state fund Medicaid expenditures (Part A); extends certain health provisions (Part B); extends certain provisions of law relating to the health care reform act; extends provisions relating to the distribution of pool allocations and graduate medical education; extends provisions relating to health care initiative pool distributions; extends payment provisions for general hospitals; extends provisions relating to assessments on covered lives; extends the personal care services worker recruitment and retention program (Part C); relates to insurance coverage for medical malpractice paid for by funds from the hospital excess liability pool; extends portions of the New York Health Care Reform Act of 1996 (Part D); makes technical corrections to certain provisions of law relating to the New York State Dental Foundation and other provisions of law (Part F); relates to automated external defibrillators (AEDs) (Part G); extends certain provisions relating to payments from the New York state medical indemnity fund (Part I); relates to temporary health care services agencies and protecting individuals engaged to provide health care services by such agencies (Part J); restores capital rate reductions for nursing homes (Part L); limits the amount payable for certain services provided to certain eligible persons who are also beneficiaries under part B of title XVII of the federal social security act or are also qualified Medicare beneficiaries; clarifies Medicaid requirements for biomarker testing (Part M); relates to hospital and nursing home fee-for-service reimbursement rates and reductions in hospital capital rate add-ons (Part O); directs the commissioners of the office of mental health, office for people with developmental disabilities, office of addiction services and supports, office of temporary and disability assistance, office of children and family services and the director of the state office for the aging to establish a state fiscal year 2026-2027 targeted inflationary increase for projecting for the effects of inflation upon rates of payments, contracts, or any other form of reimbursement for certain programs and services; requires such commissioners and director to provide funding to support a 2.7% targeted inflationary increase for such programs and services (Part P); changes ""substance use"" to substance-related and addictive disorder claims for purposes of the insurance law and public health law (Part R); relates to the effectiveness of provisions of law relating to Medicaid management; removes certain provisions providing for lower minimum amounts of certain state aid for the city of New York than the rest of the state (Part T); extends certain government rates for behavioral services referencing the office of addiction services and supports and relates to the effectiveness thereof (Part U); relates to the effectiveness of certain provisions of law relating to the closure or transfer of a state-operated individualized residential alternative (Part V); extends the care demonstration program (Part W); relates to medical assistance for needy persons age sixty-five or older and who are eligible for medical assistance but for their immigration status through the fee-for-service program (Part X); provides for an amended New York managed care organization provider tax at a rate of 0.35% effective January 1, 2027 (Part Y); provides that services provided in school-based health centers shall not be provided to medical assistance recipients through managed care programs (Part Z); extends provisions of law relating to reimbursement rates for medically fragile children and pediatric diagnostic and treatment centers (Part AA); amends provisions for dispute resolution for emergency services and surprise bills; provides for benchmarking of amounts allowed for health care services provider in the same or similar specialty and provided in the same geographical area (Part BB).",Active,2026-05-27,SUBSTITUTED BY A10007C,https://legiscan.com/NY/bill/S09007/2025,joint and several liability reform
2088234,NY,A10008,"Enacts into law major components of legislation necessary to implement the state transportation, economic development and environmental conservation budget for the 2026-2027 state fiscal year; extends provisions of law relating to increasing certain motor vehicle transaction fees (Part A); extends the accident prevention course internet technology pilot program (Part B); establishes a demonstration program in the city of New York for the installation and operation of intelligent speed assistance devices (Part D); extends provisions of law relating to motor vehicles equipped with autonomous vehicle technology (Part E); expands the automated work zone speed enforcement program utilizing photo speed violation monitoring systems to include all New York highways (Part G); extends provisions of law relating to certain tax increment financing provisions relating to the New York transit authority and the metropolitan transportation authority (Part H); authorizes the MTA to conduct environmental reviews under SEQRA for the crosstown extension of the Second Avenue subway project in two stages (Part I); enacts the dairy promotion act; enacts provisions related to the marketing of agricultural products in New York state; repeals certain provisions relating thereto (Part J); extends the refundability of the investment tax credit for farmers (Part K); authorizes the New York state energy research and development authority to finance a portion of its research, development and demonstration, policy and planning, and Fuel NY program from an assessment on gas and electric corporations (Part M); requires gas, electric, steam and water-works corporations to provide an executive compensation disclosure; requires such corporations to return all revenues derived from their actual return on equity in excess of the authorized rate of return to ratepayers; clarifies costs not to be included in rates (Part N); authorizes the public service commission to consider and approve multi-year changes in rates or charges for utilities (Part O); establishes an energy affordability index; permits the public service commission to implant affordability monitors in certain gas or electric corporations (Part P); makes reforms to the state environmental quality review act relating to sustainable housing and sprawl prevention (Part R); increases rebates for certain vehicles purchased by municipalities (Part S); extends the effectiveness of certain provisions of law relating to the powers and duties of the dormitory authority to establish subsidiaries (Part T); authorizes the trustees of the state university of New York to lease and contract to make available certain land on the state university of New York at Farmingdale's campus (Subpart A); authorizes the trustees of the state university of New York to lease and contract to make available certain land on the state university of New York at Stony Brook's campus (Subpart B); authorizes the commissioner of transportation to transfer and convey certain state-owned real property in the town of Babylon, county of Suffolk (Subpart C); authorizes the trustees of the state university of New York to lease and contract to make available grounds and facilities on the state university of New York College of Environmental Science and Forestry to the Abby Lane Housing Corporation (Part D)(Part U); extends the authority of the New York state urban development corporation to administer the empire state economic development fund (Part V); extends the loan powers of the New York state urban development corporation (Part W); enacts the ""safe by design act"" to authorize the attorney general to promulgate rules and regulations identifying methods for reasonable and technically feasible age assurance which may consider the size, financial resources, and technical capabilities of covered platforms, the costs and effectiveness of available age determination techniques for users of such platforms, the audience of such platforms, and prevalent practices of the industry of the operator (Part Y); relates to requiring insurers to provide written explanations for premium changes in certain covered policies (Part BB); places limitations on damages resulting from motor vehicle accidents (Part EE); requires insurers to file annual reports on insurance for multi-family buildings with the superintendent of financial services (Part GG); relates to the annual consumer guide of health insurers (Subpart A); relates to ongoing treatment by an out-of-network provider during pregnancy (Subpart B); relates to accessible formulary drug lists (Subpart C); relates to utilization reviews for treatment for a chronic health condition (Subpart D) (Part HH); extends the policy period for excess profit refunds or credits to motor vehicle insurance policyholders; requires insurers to submit reports demonstrating whether the insurer realized an excess profit and completed making any credits required (Part KK); relates to the effectiveness of the New York state health insurance continuation assistance demonstration project (Part LL); enacts the ""Long Island MacArthur Airport terminal and rail integration project act"" (Part NN); extends the effectiveness of certain provisions permitting videoconferencing and remote participation in public meetings under certain circumstances (Part OO); exempts major electric generating facilities that provide emergency back-up generation for manufacturing facilities that produce semiconductors from siting requirements set forth in article 10 of the public service law (Part PP); establishes the crime of criminal interference with access to a place of religious worship (Part QQ); extend provisions of law permitting NYC, Nassau and Suffolk to retain a portion of certain fines under the Cleaner, Greener NY Act of 2013 (Part RR); enacts the accelerate solar for affordable power (ASAP) act to direct the public service commission to advance reforms to the utility interconnection process to ensure timely and cost-effective integration of new distributed energy resources (Part SS); establishes a blue ribbon commission on residential affordability through energy savings (RATES commission) to study the causes and origins of rising utility rates and to recommend actions or reforms to reduce rates; provides for the repeal of such commission upon expiration thereof (Part TT); authorizes the creation of a traffic camera violations bureau to adjudicate owner liability for failure of operator to stop for a school bus displaying a red visual signal and stop-arm (Part UU); relates to climate change; requires the plan toward achieving the statewide greenhouse gas emissions limits to be updated in 2028 and every six years thereafter; outlines factors to include when developing a regulatory program or programs (Part VV); establishes a monitor team to oversee the Wyandanch union free school district (Part WW); relates to certain retirement benefit enhancements members of tier VI (Part XX); relation to the re-amortization and valuation methods used for contributions to the New York city employees retirement system, the New York city teachers' retirement system, the police pension fund, subchapter two, the fire department pension fund, subchapter two and the board of education retirement system of such city (Part YY); relates to service retirement benefits for uniformed members of the New York city fire department pension fund (Part ZZ); provides for longevity bonuses relating to first grade firefighters and promotions from the firefighter rank (Part AAA); requires certain pension systems to submit a self-report to the superintendent of the department of financial services; requires the superintendent of the department of financial services to submit a report on such reports (Part BBB); allows a beneficiary of a member whose death occurs on or after July 1, 2026 and who would have been entitled to a service credit at the time of such member's death to elect to receive a lump sum payment equal to the pension reserve that would have been established had the member retired on the date of such member's death (Part CCC); relates to certain retirement benefit enhancements for certain state law enforcement officers (Part DDD); relates to the treatment of prior service with certain agencies by the New York city police pension fund (Part EEE); relates to the restoration of 20 year service retirement for certain New York city corrections officers and sanitation workers (Part FFF); provides for the administration of certain funds and accounts related to the 2026--2027 budget (Part GGG); adds ten additional judges to the civil court of the city of New York (Part HHH); establishes the Excelsior power program designed to reduce peak energy demand (Part III); authorizes certain work in connection with the District Galleria project in the city of White Plains (Part JJJ).",Enacted,2026-05-26,signed chap.58,https://legiscan.com/NY/bill/A10008/2025,joint and several liability reform
2088515,NY,S09008,"Enacts into law major components of legislation necessary to implement the state transportation, economic development and environmental conservation budget for the 2026-2027 state fiscal year; extends provisions of law relating to increasing certain motor vehicle transaction fees (Part A); extends the accident prevention course internet technology pilot program (Part B); establishes a demonstration program in the city of New York for the installation and operation of intelligent speed assistance devices (Part D); extends provisions of law relating to motor vehicles equipped with autonomous vehicle technology (Part E); expands the automated work zone speed enforcement program utilizing photo speed violation monitoring systems to include all New York highways (Part G); extends provisions of law relating to certain tax increment financing provisions relating to the New York transit authority and the metropolitan transportation authority (Part H); authorizes the MTA to conduct environmental reviews under SEQRA for the crosstown extension of the Second Avenue subway project in two stages (Part I); enacts the dairy promotion act; enacts provisions related to the marketing of agricultural products in New York state; repeals certain provisions relating thereto (Part J); extends the refundability of the investment tax credit for farmers (Part K); authorizes the New York state energy research and development authority to finance a portion of its research, development and demonstration, policy and planning, and Fuel NY program from an assessment on gas and electric corporations (Part M); requires gas, electric, steam and water-works corporations to provide an executive compensation disclosure; requires such corporations to return all revenues derived from their actual return on equity in excess of the authorized rate of return to ratepayers; clarifies costs not to be included in rates (Part N); authorizes the public service commission to consider and approve multi-year changes in rates or charges for utilities (Part O); establishes an energy affordability index; permits the public service commission to implant affordability monitors in certain gas or electric corporations (Part P); makes reforms to the state environmental quality review act relating to sustainable housing and sprawl prevention (Part R); increases rebates for certain vehicles purchased by municipalities (Part S); extends the effectiveness of certain provisions of law relating to the powers and duties of the dormitory authority to establish subsidiaries (Part T); authorizes the trustees of the state university of New York to lease and contract to make available certain land on the state university of New York at Farmingdale's campus (Subpart A); authorizes the trustees of the state university of New York to lease and contract to make available certain land on the state university of New York at Stony Brook's campus (Subpart B); authorizes the commissioner of transportation to transfer and convey certain state-owned real property in the town of Babylon, county of Suffolk (Subpart C); authorizes the trustees of the state university of New York to lease and contract to make available grounds and facilities on the state university of New York College of Environmental Science and Forestry to the Abby Lane Housing Corporation (Part D)(Part U); extends the authority of the New York state urban development corporation to administer the empire state economic development fund (Part V); extends the loan powers of the New York state urban development corporation (Part W); enacts the ""safe by design act"" to authorize the attorney general to promulgate rules and regulations identifying methods for reasonable and technically feasible age assurance which may consider the size, financial resources, and technical capabilities of covered platforms, the costs and effectiveness of available age determination techniques for users of such platforms, the audience of such platforms, and prevalent practices of the industry of the operator (Part Y); relates to requiring insurers to provide written explanations for premium changes in certain covered policies (Part BB); places limitations on damages resulting from motor vehicle accidents (Part EE); requires insurers to file annual reports on insurance for multi-family buildings with the superintendent of financial services (Part GG); relates to the annual consumer guide of health insurers (Subpart A); relates to ongoing treatment by an out-of-network provider during pregnancy (Subpart B); relates to accessible formulary drug lists (Subpart C); relates to utilization reviews for treatment for a chronic health condition (Subpart D) (Part HH); extends the policy period for excess profit refunds or credits to motor vehicle insurance policyholders; requires insurers to submit reports demonstrating whether the insurer realized an excess profit and completed making any credits required (Part KK); relates to the effectiveness of the New York state health insurance continuation assistance demonstration project (Part LL); enacts the ""Long Island MacArthur Airport terminal and rail integration project act"" (Part NN); extends the effectiveness of certain provisions permitting videoconferencing and remote participation in public meetings under certain circumstances (Part OO); exempts major electric generating facilities that provide emergency back-up generation for manufacturing facilities that produce semiconductors from siting requirements set forth in article 10 of the public service law (Part PP); establishes the crime of criminal interference with access to a place of religious worship (Part QQ); extend provisions of law permitting NYC, Nassau and Suffolk to retain a portion of certain fines under the Cleaner, Greener NY Act of 2013 (Part RR); enacts the accelerate solar for affordable power (ASAP) act to direct the public service commission to advance reforms to the utility interconnection process to ensure timely and cost-effective integration of new distributed energy resources (Part SS); establishes a blue ribbon commission on residential affordability through energy savings (RATES commission) to study the causes and origins of rising utility rates and to recommend actions or reforms to reduce rates; provides for the repeal of such commission upon expiration thereof (Part TT); authorizes the creation of a traffic camera violations bureau to adjudicate owner liability for failure of operator to stop for a school bus displaying a red visual signal and stop-arm (Part UU); relates to climate change; requires the plan toward achieving the statewide greenhouse gas emissions limits to be updated in 2028 and every six years thereafter; outlines factors to include when developing a regulatory program or programs (Part VV); establishes a monitor team to oversee the Wyandanch union free school district (Part WW); relates to certain retirement benefit enhancements members of tier VI (Part XX); relation to the re-amortization and valuation methods used for contributions to the New York city employees retirement system, the New York city teachers' retirement system, the police pension fund, subchapter two, the fire department pension fund, subchapter two and the board of education retirement system of such city (Part YY); relates to service retirement benefits for uniformed members of the New York city fire department pension fund (Part ZZ); provides for longevity bonuses relating to first grade firefighters and promotions from the firefighter rank (Part AAA); requires certain pension systems to submit a self-report to the superintendent of the department of financial services; requires the superintendent of the department of financial services to submit a report on such reports (Part BBB); allows a beneficiary of a member whose death occurs on or after July 1, 2026 and who would have been entitled to a service credit at the time of such member's death to elect to receive a lump sum payment equal to the pension reserve that would have been established had the member retired on the date of such member's death (Part CCC); relates to certain retirement benefit enhancements for certain state law enforcement officers (Part DDD); relates to the treatment of prior service with certain agencies by the New York city police pension fund (Part EEE); relates to the restoration of 20 year service retirement for certain New York city corrections officers and sanitation workers (Part FFF); provides for the administration of certain funds and accounts related to the 2026--2027 budget (Part GGG); adds ten additional judges to the civil court of the city of New York (Part HHH); establishes the Excelsior power program designed to reduce peak energy demand (Part III); authorizes certain work in connection with the District Galleria project in the city of White Plains (Part JJJ).",Active,2026-05-26,SUBSTITUTED BY A10008C,https://legiscan.com/NY/bill/S09008/2025,joint and several liability reform
1945846,NY,S03673,"Provides that an insurer doing business in this state shall be liable to a policy holder for such insurer's refusal to pay or unreasonable delay of payment to the policy holder if such refusal or delay was not substantially justified; enumerates instances whereby an insurer's refusal or delay of payment is not substantially justified including intentional negligence, failure to act in good faith, failure to provide written denial of claim, failure to make final determination of claim within six months, and failure to promptly proceed with the appraisal process.",In Committee,2026-01-07,REFERRED TO INSURANCE,https://legiscan.com/NY/bill/S03673/2025,punitive damages cap
2012169,NY,A07102,"Provides that an insurer doing business in this state shall be liable to a policy holder for such insurer's refusal to pay or unreasonable delay of payment to the policy holder if such refusal or delay was not substantially justified; enumerates instances whereby an insurer's refusal or delay of payment is not substantially justified including intentional negligence, failure to act in good faith, failure to provide written denial of claim, failure to make final determination of claim within six months, and failure to promptly proceed with the appraisal process.",In Committee,2026-01-07,referred to insurance,https://legiscan.com/NY/bill/A07102/2025,punitive damages cap
2016354,NY,A07509,"Enacts the ""omnibus telecommunications reform act""; reforms the competitive cable service; promotes the wide-spread development of high-capacity broadband internet access; increases the availability and quality of services in this key economic development area; ensures the safety, reliability and affordability of telecommunications services.",In Committee,2026-01-07,"referred to corporations, authorities and commissions",https://legiscan.com/NY/bill/A07509/2025,joint and several liability reform
1934835,NY,S03007,"Enacts into law major components of legislation necessary to implement the state health and mental hygiene budget for the 2025-2026 state fiscal year; requires the commissioner of health to provide a quarterly report on known and expected department of health state funds Medicaid expenditures through state fiscal year 2026-2027 (Part A); extends the effectiveness of various provisions relating to social services and healthcare including medical reimbursement and welfare reform (Part B); relates to supplemental hospital payments (Part D); shifts long-term nursing home stays from managed care to fee for service; authorizes penalties for managed care plans that do not meet contractual obligations (Part E); requires a health plan to pay the MCO provider tax for each calendar year; requires every health plan subject to the approved MCO provider tax to submit reports; imposes penalties for failure to submit such timely payments; grants the commissioner of health audit powers; relates to the healthcare stability fund; relates to Medicaid payment increases for certain medical services; makes certain Medicaid payment increases contingent upon the availability of funds within the healthcare stability fund (Part F); relates to insurance coverage for medical malpractice paid for by funds from the hospital excess liability pool; extends portions of the New York Health Care Reform Act of 1996 (Part G); eliminates the fees paid by funeral directors for permits for burials and removals which are used to support the electronic death registration system; repeals certain provisions of such law relating thereto (Part I); relates to extending the time for awards to be granted to applications for the statewide health care facility transformation III program (Part J); requires general hospitals to report community benefit spending by July 1 of each calendar year (Part M); requires hospitals to provide stabilizing care to pregnant individuals; defines terms; repeals provisions relating to required protocols for fetal demise (Part P); relates to improving access to and increasing coverage for infertility treatments (Part Q); requires hospitals to have sexual assault forensic examiners (Part T); extends the provisions relating to preferred sources for entities that provide employment to certain persons (Part Z); extends certain provisions relating to clarifying the authority of the commissioners in the department of mental hygiene to design and implement time-limited demonstration programs to 03/31/2028 (Part AA); extends the effectiveness of certain provisions relating to the appointment of temporary operators for the continued operation of programs and the provision of services for persons with serious mental illness and/or developmental disabilities and/or chemical dependence (Part BB); extends certain provisions relating to services for individuals with developmental disabilities (Part CC); amends the definition of minor to exclude certain homeless youth for purposes of allowing such homeless youth to consent to certain medical, dental, health and hospital services, including behavioral health services (Part DD); relates to involuntary admission and assisted outpatient treatment; establishes the behavioral health crisis technical assistance center; relates to required training and maintaining of records relating to persons dealing with mental health and substance use crises (Part EE); provides that director of the budget, the commissioners of the office of mental health, office for people with developmental disabilities, office of addiction services and supports, office of temporary and disability assistance, office of children and family services, and the state office for the aging shall establish a state fiscal year 2025-2026 targeted inflationary increase, effective April 1, 2025, for projecting for the effects of inflation upon rates of payments, contracts, or any other form of reimbursement for the programs and services (Part FF); relates to the composition and work of mental health incident review panels (Part GG); provides that school-based health centers shall not be provided to medical assistance recipients through managed care programs until at least April 1, 2026 (Part HH); requires any New York subdivision that directly received funds pursuant to a statewide opioid settlement agreement to publicly post on their website information regarding how such funding was utilized and submit such information to the office of addiction services and supports (Part II); relates to clarifying which entities handle the reporting of pregnancy loss; and the responsibilities of health care providers and penalties for not protecting the identities of individuals who suffered a pregnancy loss (Part JJ); extends the authorization for certain fees and charges related to emergency medical services (Part KK); relates to the modernization and revitalization of the Nassau health care corporation (Part LL); extends certain provisions relating to the NYS medical indemnity fund (Part MM).",Enacted,2025-05-09,SIGNED CHAP.57,https://legiscan.com/NY/bill/S03007/2025,joint and several liability reform
1935197,NY,S03008,"Enacts into law major components of legislation necessary to implement the state transportation, economic development and environmental conservation budget for the 2025-2026 state fiscal year; relates to the waterfront commission act; makes amendments to change ""applicant"" to ""licensee or registrant"" (Part A); provides for mass transportation payments to the Central New York Regional Transportation District; adds Cortland county to such district (Part B); relates to extending the authorization for a pre-licensing course internet program (Part C); increases the value of a motor vehicle considered abandoned which can become property of the local authority the vehicle is abandoned in (Part D); extends provisions of law relating to certain tax increment financing provisions (Part I); relates to certain provisions regarding labor disputes involving the Metropolitan Transportation Authority (Part J); relates to the acquisitions or transfers of property for certain transit projects; extends the effectiveness of certain provisions of law relating thereto (Part K); relates to funding for net paratransit operating expenses for the city of New York and the metropolitan transportation authority and makes permanent certain provisions of law relating thereto (Part L); provides funding for the metropolitan transportation authority 2025-2029 capital program (Part M); establishes a demonstration program on certain covered locations to enforce vehicle weight restriction on such interstate by means of mobile or stationary weigh in motion systems (Part N); authorizes a photo monitoring program for the Triborough bridge and tunnel authority and New York state bridge authority; extends provisions relating to certain notices of liability (Part Q); relates to the effectiveness of the New York state health insurance continuation assistance demonstration project (Part S); authorizes the Olympic regional development authority to enter into agreements for membership of one or more of its ski venues in reciprocal ski pass programs where such members are required to guarantee contractual indemnity up to a capped amount (Part T); regulates artificial intelligence companion models; establishes a suicide prevention fund (Part U); relates to refund policies for online retailers (Part V); enhances disclosure requirements for automatic renewals (Part W); requires disclosure of algorithmically set prices for goods and services (Part X); relates to the regulation of buy-now-pay-later lenders; requires such lenders to be licensed or authorized; establishes prohibited acts, limitations on loans, and consumer protections (Part Y); establishes reporting requirements for pharmacy benefit managers about the rebate contracts between pharmacy benefit managers and drug manufacturers (Part Z); provides for rate increases for hire motor vehicle insurance (Part CC); extends the authority of the New York state urban development to administer the empire state economic development fund (Part EE); extends the power of the New York state urban development corporation to make loans to 07/01/2026 (Part FF); extends the authority of the dormitory authority to enter into certain design and construction management agreements (Part GG); expands certain provisions of the state finance law and the New York state infrastructure trust fund; directs a policy study analyzing ways to improve the effectiveness of the minority and women-owned business enterprise program (Part KK); increases the cap on the amount of money authorized to be on deposit pursuant to the excelsior linked deposit program at any given time (Part LL); relates to purchasing thresholds for minority- or women-owned businesses or service-disabled veteran-owned businesses (Part MM); authorizes the New York convention center operating corporation to establish a subsidiary for the purposes of forming a pure captive insurance company (Part NN); extends the waste tire management fee until December 31, 2027; requires notice of the waste tire management and recycling program to be provided to customers; removes the exclusion for mail order sales (Part PP); extends provisions of the deer hunting program to 2028 (Part QQ); relates to financial responsibility, recovery of response costs and natural resource damages, and abatement actions relating to disposal of inactive hazardous waste (Part RR); relates to the recall of a class B firefighting foam; prohibits the sale or distribution of firefighting personal protective equipment that contains intentionally added PFAS; directs the department of environmental conservation to make a recommendation to the legislature on whether to postpone the effectiveness of such provisions (Part SS); exempts conveyances of real property for open space, parks, or historic preservation purposes to any not-for-profit corporation operated for conservation, environmental, parks or historic preservation purposes (Part TT); authorizes the New York state energy research and development authority to finance a portion of its research, development and demonstration, policy and planning, Fuel NY program, climate change related expenses of the department of environmental conservation from an assessment on gas and electric corporations (Part VV); relates to utility and cable television assessments that provide funds to the department of health from cable television assessment revenues and to the department of agriculture and markets, department of state, the office of parks, recreation and historic preservation, and the department of environmental conservation from utility assessment revenues; requires accountings be submitted of such funds (Part XX); increases and redirects civil penalties for failing to comply with the department of public service's prescribed rules and regulations established for the protection of underground facilities; amends the effectiveness of certain provisions relating to establishing the underground facilities safety training account (Part YY); authorizes the department of taxation and finance to disclose certain information to the department of environmental conservation or the New York state energy research and development authority for the purpose of implementing the New York state climate leadership and community protection act (Part ZZ); establishes a commission to replace the statue of Robert R. Livingston in the National Statuary Hall of the United States Capitol with a statue of Harriet Tubman; provides that such commission shall consist of the governor or a designee, the temporary president of the senate or a designee, the speaker of the assembly or a designee, the executive director of the council on the arts or a designee, and the commissioner of the office of general services or a designee (Part BBB); extends certain rebates to municipalities for clean vehicle projects (Part CCC); relates to appointments to the cannabis board, removes provisions of law deeming a person acting as chairperson of the cannabis control board as a state officer; relates to agreements of such board with the New York state Indian nations and tribes (Part DDD); relates to a special license fee for a licensee allowed to engage in the cultivation, processing, distribution and retail of both medical cannabis and adult use cannabis; makes a conforming technical change; and provides for the repeal of certain provisions of the cannabis law (Part EEE).",Enacted,2025-05-09,SIGNED CHAP.58,https://legiscan.com/NY/bill/S03008/2025,joint and several liability reform
1934869,NY,A03007,"Enacts into law major components of legislation necessary to implement the state health and mental hygiene budget for the 2025-2026 state fiscal year; requires the commissioner of health to provide a quarterly report on known and expected department of health state funds Medicaid expenditures through state fiscal year 2026-2027 (Part A); extends the effectiveness of various provisions relating to social services and healthcare including medical reimbursement and welfare reform (Part B); relates to supplemental hospital payments (Part D); shifts long-term nursing home stays from managed care to fee for service; authorizes penalties for managed care plans that do not meet contractual obligations (Part E); requires a health plan to pay the MCO provider tax for each calendar year; requires every health plan subject to the approved MCO provider tax to submit reports; imposes penalties for failure to submit such timely payments; grants the commissioner of health audit powers; relates to the healthcare stability fund; relates to Medicaid payment increases for certain medical services; makes certain Medicaid payment increases contingent upon the availability of funds within the healthcare stability fund (Part F); relates to insurance coverage for medical malpractice paid for by funds from the hospital excess liability pool; extends portions of the New York Health Care Reform Act of 1996 (Part G); eliminates the fees paid by funeral directors for permits for burials and removals which are used to support the electronic death registration system; repeals certain provisions of such law relating thereto (Part I); relates to extending the time for awards to be granted to applications for the statewide health care facility transformation III program (Part J); requires general hospitals to report community benefit spending by July 1 of each calendar year (Part M); requires hospitals to provide stabilizing care to pregnant individuals; defines terms; repeals provisions relating to required protocols for fetal demise (Part P); relates to improving access to and increasing coverage for infertility treatments (Part Q); requires hospitals to have sexual assault forensic examiners (Part T); extends the provisions relating to preferred sources for entities that provide employment to certain persons (Part Z); extends certain provisions relating to clarifying the authority of the commissioners in the department of mental hygiene to design and implement time-limited demonstration programs to 03/31/2028 (Part AA); extends the effectiveness of certain provisions relating to the appointment of temporary operators for the continued operation of programs and the provision of services for persons with serious mental illness and/or developmental disabilities and/or chemical dependence (Part BB); extends certain provisions relating to services for individuals with developmental disabilities (Part CC); amends the definition of minor to exclude certain homeless youth for purposes of allowing such homeless youth to consent to certain medical, dental, health and hospital services, including behavioral health services (Part DD); relates to involuntary admission and assisted outpatient treatment; establishes the behavioral health crisis technical assistance center; relates to required training and maintaining of records relating to persons dealing with mental health and substance use crises (Part EE); provides that director of the budget, the commissioners of the office of mental health, office for people with developmental disabilities, office of addiction services and supports, office of temporary and disability assistance, office of children and family services, and the state office for the aging shall establish a state fiscal year 2025-2026 targeted inflationary increase, effective April 1, 2025, for projecting for the effects of inflation upon rates of payments, contracts, or any other form of reimbursement for the programs and services (Part FF); relates to the composition and work of mental health incident review panels (Part GG); provides that school-based health centers shall not be provided to medical assistance recipients through managed care programs until at least April 1, 2026 (Part HH); requires any New York subdivision that directly received funds pursuant to a statewide opioid settlement agreement to publicly post on their website information regarding how such funding was utilized and submit such information to the office of addiction services and supports (Part II); relates to clarifying which entities handle the reporting of pregnancy loss; and the responsibilities of health care providers and penalties for not protecting the identities of individuals who suffered a pregnancy loss (Part JJ); extends the authorization for certain fees and charges related to emergency medical services (Part KK); relates to the modernization and revitalization of the Nassau health care corporation (Part LL); extends certain provisions relating to the NYS medical indemnity fund (Part MM).",Active,2025-05-07,substituted by s3007c,https://legiscan.com/NY/bill/A03007/2025,joint and several liability reform
1935040,NY,A03008,"Enacts into law major components of legislation necessary to implement the state transportation, economic development and environmental conservation budget for the 2025-2026 state fiscal year; relates to the waterfront commission act; makes amendments to change ""applicant"" to ""licensee or registrant"" (Part A); provides for mass transportation payments to the Central New York Regional Transportation District; adds Cortland county to such district (Part B); relates to extending the authorization for a pre-licensing course internet program (Part C); increases the value of a motor vehicle considered abandoned which can become property of the local authority the vehicle is abandoned in (Part D); extends provisions of law relating to certain tax increment financing provisions (Part I); relates to certain provisions regarding labor disputes involving the Metropolitan Transportation Authority (Part J); relates to the acquisitions or transfers of property for certain transit projects; extends the effectiveness of certain provisions of law relating thereto (Part K); relates to funding for net paratransit operating expenses for the city of New York and the metropolitan transportation authority and makes permanent certain provisions of law relating thereto (Part L); provides funding for the metropolitan transportation authority 2025-2029 capital program (Part M); establishes a demonstration program on certain covered locations to enforce vehicle weight restriction on such interstate by means of mobile or stationary weigh in motion systems (Part N); authorizes a photo monitoring program for the Triborough bridge and tunnel authority and New York state bridge authority; extends provisions relating to certain notices of liability (Part Q); relates to the effectiveness of the New York state health insurance continuation assistance demonstration project (Part S); authorizes the Olympic regional development authority to enter into agreements for membership of one or more of its ski venues in reciprocal ski pass programs where such members are required to guarantee contractual indemnity up to a capped amount (Part T); regulates artificial intelligence companion models; establishes a suicide prevention fund (Part U); relates to refund policies for online retailers (Part V); enhances disclosure requirements for automatic renewals (Part W); requires disclosure of algorithmically set prices for goods and services (Part X); relates to the regulation of buy-now-pay-later lenders; requires such lenders to be licensed or authorized; establishes prohibited acts, limitations on loans, and consumer protections (Part Y); establishes reporting requirements for pharmacy benefit managers about the rebate contracts between pharmacy benefit managers and drug manufacturers (Part Z); provides for rate increases for hire motor vehicle insurance (Part CC); extends the authority of the New York state urban development to administer the empire state economic development fund (Part EE); extends the power of the New York state urban development corporation to make loans to 07/01/2026 (Part FF); extends the authority of the dormitory authority to enter into certain design and construction management agreements (Part GG); expands certain provisions of the state finance law and the New York state infrastructure trust fund; directs a policy study analyzing ways to improve the effectiveness of the minority and women-owned business enterprise program (Part KK); increases the cap on the amount of money authorized to be on deposit pursuant to the excelsior linked deposit program at any given time (Part LL); relates to purchasing thresholds for minority- or women-owned businesses or service-disabled veteran-owned businesses (Part MM); authorizes the New York convention center operating corporation to establish a subsidiary for the purposes of forming a pure captive insurance company (Part NN); extends the waste tire management fee until December 31, 2027; requires notice of the waste tire management and recycling program to be provided to customers; removes the exclusion for mail order sales (Part PP); extends provisions of the deer hunting program to 2028 (Part QQ); relates to financial responsibility, recovery of response costs and natural resource damages, and abatement actions relating to disposal of inactive hazardous waste (Part RR); relates to the recall of a class B firefighting foam; prohibits the sale or distribution of firefighting personal protective equipment that contains intentionally added PFAS; directs the department of environmental conservation to make a recommendation to the legislature on whether to postpone the effectiveness of such provisions (Part SS); exempts conveyances of real property for open space, parks, or historic preservation purposes to any not-for-profit corporation operated for conservation, environmental, parks or historic preservation purposes (Part TT); authorizes the New York state energy research and development authority to finance a portion of its research, development and demonstration, policy and planning, Fuel NY program, climate change related expenses of the department of environmental conservation from an assessment on gas and electric corporations (Part VV); relates to utility and cable television assessments that provide funds to the department of health from cable television assessment revenues and to the department of agriculture and markets, department of state, the office of parks, recreation and historic preservation, and the department of environmental conservation from utility assessment revenues; requires accountings be submitted of such funds (Part XX); increases and redirects civil penalties for failing to comply with the department of public service's prescribed rules and regulations established for the protection of underground facilities; amends the effectiveness of certain provisions relating to establishing the underground facilities safety training account (Part YY); authorizes the department of taxation and finance to disclose certain information to the department of environmental conservation or the New York state energy research and development authority for the purpose of implementing the New York state climate leadership and community protection act (Part ZZ); establishes a commission to replace the statue of Robert R. Livingston in the National Statuary Hall of the United States Capitol with a statue of Harriet Tubman; provides that such commission shall consist of the governor or a designee, the temporary president of the senate or a designee, the speaker of the assembly or a designee, the executive director of the council on the arts or a designee, and the commissioner of the office of general services or a designee (Part BBB); extends certain rebates to municipalities for clean vehicle projects (Part CCC); relates to appointments to the cannabis board, removes provisions of law deeming a person acting as chairperson of the cannabis control board as a state officer; relates to agreements of such board with the New York state Indian nations and tribes (Part DDD); relates to a special license fee for a licensee allowed to engage in the cultivation, processing, distribution and retail of both medical cannabis and adult use cannabis; makes a conforming technical change; and provides for the repeal of certain provisions of the cannabis law (Part EEE).",Active,2025-05-07,substituted by s3008c,https://legiscan.com/NY/bill/A03008/2025,joint and several liability reform
2046325,OH,SB292,"Revise caps on noneconomic, punitive, and exemplary damages",In Committee,2025-10-15,Referred to committee: Judiciary,https://legiscan.com/OH/bill/SB292/2025,punitive damages cap
2044154,OH,HB447,Regards the dollar caps on certain damages in civil actions,In Committee,2025-10-01,Referred to committee: Judiciary,https://legiscan.com/OH/bill/HB447/2025,punitive damages cap
2049699,OK,HB1371,Oil and gas; interest; remittance; escrow account; relief of liability; effective date.,Passed,2026-05-06,Approved by Governor 05/06/2026,https://legiscan.com/OK/bill/HB1371/2026,punitive damages cap
2083341,OK,HB4425,"Torts; creating the Good Faith Reporting for Child Protection Act; immunity from civil liability for volunteers, charitable organizations, and not-for-profit corporations; sexually inappropriate conduct with a minor; disclosure; self-reporting; effective date.",Active,2026-04-23,Placed on General Order,https://legiscan.com/OK/bill/HB4425/2026,tort reform
2048714,OK,HB1850,Trusts; creating the Uniform Trust Code; definitions; creditor claims; revocable trusts; trustees; duties and powers of trustee; trustee liability; severability; effective date.,Passed,2025-05-21,Approved by Governor 05/21/2025,https://legiscan.com/OK/bill/HB1850/2026,tort reform
2049930,OK,HB2680,Torts; Torts Reform Act of 2025; effective date.,In Committee,2025-02-04,Second Reading referred to Rules,https://legiscan.com/OK/bill/HB2680/2026,tort reform
2050987,OK,HB2682,Torts; Torts Reform Act of 2025; effective date.,In Committee,2025-02-04,Second Reading referred to Rules,https://legiscan.com/OK/bill/HB2682/2026,tort reform
2051005,OK,HB2681,Torts; Torts Reform Act of 2025; effective date.,In Committee,2025-02-04,Second Reading referred to Rules,https://legiscan.com/OK/bill/HB2681/2026,tort reform
2138698,SC,H5441,Dram Shop Cause of Actions,Active,2026-06-04,Scrivener's error corrected,https://legiscan.com/SC/bill/H5441/2025,dram shop liability
1948916,SC,H3849,Tort Reform,Active,2026-04-29,Member(s) request name added as sponsor: Crawford,https://legiscan.com/SC/bill/H3849/2025,tort reform
2119798,SC,H5218,"Tort reform, improvement to land",In Committee,2026-02-19,Referred to Committee on Judiciary,https://legiscan.com/SC/bill/H5218/2025,tort reform
1895295,SC,H3497,Liquor liability,In Committee,2025-04-22,"Pursuant to Rule 4.8, Referred to Committee on Judiciary",https://legiscan.com/SC/bill/H3497/2025,punitive damages cap
1923787,SC,S0244,Tort Reform,In Committee,2025-04-03,Referred to Committee on Judiciary,https://legiscan.com/SC/bill/S0244/2025,tort reform
1919975,SC,S0184,Dram Shop,Active,2025-03-05,Scrivener's error corrected,https://legiscan.com/SC/bill/S0184/2025,dram shop liability
1982769,SC,H4087,Liquor Liability,Active,2025-02-26,Member(s) request name added as sponsor: C.Mitchell,https://legiscan.com/SC/bill/H4087/2025,dram shop liability
1896039,SC,S0133,Tort Reform,Active,2025-01-17,Scrivener's error corrected,https://legiscan.com/SC/bill/S0133/2025,tort reform
2039530,US,SB2296,"National Defense Authorization Act for Fiscal Year 2026 COUNTER Act of 2025 Combating PRC Overseas and Unlawful Networked Threats through Enhanced Resilience Act of 2025 Holding Foreign Insiders Accountable Act PAID OFF Act of 2025 Preventing Adversary Influence, Disinformation, and Obscured Foreign Financing Act of 2025 International Nuclear Energy Act of 2025 Atomic Energy Testing Liability Act Abducted Ukrainian Children Recovery and Accountability Act Retired Law Enforcement Officers Continuing Service Act MAPS Act Mapping America's Pharmaceutical Supply Act Preventing Child Trafficking Act of 2025 Taiwan Non-Discrimination Act of 2025 AUKUS Improvement Act of 2025 GAIN AI Act of 2025 Guaranteeing Access and Innovation for National Artificial Intelligence Act of 2025 DISRUPT Act Defending International Security by Restricting Unacceptable Partnerships and Tactics Act DFC Modernization and Reauthorization Act of 2025 Western Balkans Democracy and Prosperity Act Fighting Foreign Illegal Seafood Harvests Act of 2025 CDFI Bond Guarantee Program Improvement Act of 2025 FIGHT China Act of 2025 Foreign Investment Guardrails to Help Thwart China Act of 2025 Department of State Authorization Act for Fiscal Year 2026 ROAD to Housing Act of 2025 Renewing Opportunity in the American Dream to Housing Act of 2025 Coast Guard Authorization Act of 2025 Intelligence Authorization Act for Fiscal Year 2026 Military Construction Authorization Act for Fiscal Year 2026 DETERRENCE Act",Active,2025-11-12,Held at the desk.,https://legiscan.com/US/bill/SB2296/2025,joint and several liability reform
2070003,UT,HB0214,Firearms Liability Amendments,Enacted,2026-03-26,Governor Signed in Lieutenant Governor's office for filing,https://legiscan.com/UT/bill/HB0214/2026,tort reform
2102701,UT,SB0227,Punitive Damages Amendments,Enacted,2026-03-18,Governor Signed in Lieutenant Governor's office for filing,https://legiscan.com/UT/bill/SB0227/2026,punitive damages cap
2101295,WV,HB4980,"To establish civil liability for judges who knowingly violate the law, conduct unlawful hearings, or abuse litigants in the performance of their duties",Active,2026-01-29,To House Judiciary,https://legiscan.com/WV/bill/HB4980/2026,punitive damages cap
2078675,WV,SB103,Creating private cause of action for deprivation of right granted by state constitution or by state law,Active,2026-01-14,To Judiciary,https://legiscan.com/WV/bill/SB103/2026,punitive damages cap
