state_abbr,county_name,venue_rating
AK,Aleutians East,Plaintiff
AK,Aleutians West,Plaintiff
AK,Anchorage,Neutral
AK,Bethel,Plaintiff
AK,Bristol Bay,Plaintiff
AK,Denali,Defense
AK,Dillingham,Plaintiff
AK,Fairbanks North Star,Defense
AK,Haines,Neutral
AK,Juneau,Neutral
AK,Kenai Peninsula,Defense
AK,Ketchikan Gateway,Neutral
AK,Kodiak Island,Neutral
AK,Lake And Peninsula,Plaintiff
AK,Matanuska-Susitna,Defense
AK,Nome,Plaintiff
AK,North Slope,Plaintiff
AK,Northwest Arctic,Plaintiff
AK,Prince of Wales-Outer Ketchikan,Neutral
AK,Sitka,Neutral
AK,Skagway,Neutral
AK,Southeast Fairbanks,Neutral
AK,Valdez-Cordova,Neutral
AK,Wade Hampton,Plaintiff
AK,Wrangell,Neutral
AK,Yakutat,Neutral
AL,Autauga,Defense
AL,Baldwin,Neutral
AL,Barbour,Plaintiff
AL,Bibb,Neutral
AL,Blount,Neutral
AL,Bullock,Plaintiff
AL,Butler,Defense
AL,Calhoun,Neutral
AL,Chambers,Neutral
AL,Cherokee,Neutral
AL,Chilton,Defense
AL,Choctaw,Plaintiff
AL,Clarke,Plaintiff
AL,Clay,Defense
AL,Cleburne,Neutral
AL,Coffee,Plaintiff
AL,Colbert,Neutral
AL,Conecuh,Plaintiff
AL,Coosa,Defense
AL,Covington,Defense
AL,Crenshaw,Neutral
AL,Cullman,Defense
AL,Dale,Defense
AL,Dallas,Plaintiff
AL,De Kalb,Neutral
AL,Elmore,Neutral
AL,Escambia,Neutral
AL,Etowah,Neutral
AL,Fayette,Neutral
AL,Franklin,Neutral
AL,Geneva,Neutral
AL,Greene,Plaintiff
AL,Hale,Plaintiff
AL,Henry,Defense
AL,Houston,Defense
AL,Jackson,Neutral
AL,Jefferson,Plaintiff
AL,Lamar,Neutral
AL,Lauderdale,Defense
AL,Lawrence,Defense
AL,Lee,Defense
AL,Limestone,Neutral
AL,Lowndes,Plaintiff
AL,Macon,Plaintiff
AL,Madison,Defense
AL,Marengo,Plaintiff
AL,Marion,Neutral
AL,Marshall,Neutral
AL,Mobile,Plaintiff
AL,Monroe,Neutral
AL,Montgomery,Plaintiff
AL,Morgan,Neutral
AL,Perry,Plaintiff
AL,Pickens,Neutral
AL,Pike,Neutral
AL,Randolph,Neutral
AL,Russell,Plaintiff
AL,St. Clair,Neutral
AL,Shelby,Defense
AL,Sumter,Plaintiff
AL,Talladega,Defense
AL,Tallapoosa,Neutral
AL,Tuscaloosa,Neutral
AL,Walker,Neutral
AL,Washington,Plaintiff
AL,Wilcox,Plaintiff
AL,Winston,Neutral
AZ,Apache,Defense
AZ,Cochise,Defense
AZ,Coconino,Neutral
AZ,Gila,Defense
AZ,Graham,Defense
AZ,Greenlee,Defense
AZ,La Paz,Defense
AZ,Maricopa,Neutral
AZ,Mohave,Neutral
AZ,Navajo,Defense
AZ,Pima,Plaintiff
AZ,Pinal,Neutral
AZ,Santa Cruz,Defense
AZ,Yavapai,Neutral
AZ,Yuma,Neutral
AR,Arkansas,Neutral
AR,Ashley,Neutral
AR,Baxter,Defense
AR,Benton,Defense
AR,Boone,Defense
AR,Bradley,Neutral
AR,Calhoun,Defense
AR,Carroll,Defense
AR,Chicot,Plaintiff
AR,Clark,Defense
AR,Clay,Defense
AR,Cleburne,Defense
AR,Cleveland,Defense
AR,Columbia,Defense
AR,Conway,Neutral
AR,Craighead,Neutral
AR,Crawford,Defense
AR,Crittenden,Plaintiff
AR,Cross,Neutral
AR,Dallas,Defense
AR,Desha,Plaintiff
AR,Drew,Neutral
AR,Faulkner,Neutral
AR,Franklin,Neutral
AR,Fulton,Defense
AR,Garland,Defense
AR,Grant,Defense
AR,Greene,Defense
AR,Hempstead,Neutral
AR,Hot Spring,Defense
AR,Howard,Defense
AR,Independence,Neutral
AR,Izard,Defense
AR,Jackson,Neutral
AR,Jefferson,Plaintiff
AR,Johnson,Neutral
AR,Lafayette,Defense
AR,Lawrence,Neutral
AR,Lee,Plaintiff
AR,Lincoln,Defense
AR,Little River,Defense
AR,Logan,Defense
AR,Lonoke,Neutral
AR,Madison,Defense
AR,Marion,Defense
AR,Miller,Neutral
AR,Mississippi,Plaintiff
AR,Monroe,Neutral
AR,Montgomery,Defense
AR,Nevada,Defense
AR,Newton,Defense
AR,Ouachita,Neutral
AR,Perry,Defense
AR,Phillips,Plaintiff
AR,Pike,Defense
AR,Poinsett,Neutral
AR,Polk,Neutral
AR,Pope,Neutral
AR,Prairie,Neutral
AR,Pulaski,Neutral
AR,Randolph,Defense
AR,St. Francis,Plaintiff
AR,Saline,Neutral
AR,Scott,Defense
AR,Searcy,Defense
AR,Sebastian,Defense
AR,Sevier,Defense
AR,Sharp,Defense
AR,Stone,Defense
AR,Union,Neutral
AR,Van Buren,Defense
AR,Washington,Defense
AR,White,Defense
AR,Woodruff,Neutral
AR,Yell,Neutral
CA,Alameda,Plaintiff
CA,Alpine,Defense
CA,Amador,Neutral
CA,Butte,Neutral
CA,Calaveras,Neutral
CA,Colusa,Defense
CA,Contra Costa,Defense
CA,Del Norte,Neutral
CA,El Dorado,Defense
CA,Fresno,Neutral
CA,Glenn,Neutral
CA,Humboldt,Defense
CA,Imperial,Neutral
CA,Inyo,Neutral
CA,Kern,Neutral
CA,Kings,Neutral
CA,Lake,Neutral
CA,Lassen,Defense
CA,Los Angeles,Plaintiff
CA,Madera,Neutral
CA,Marin,Plaintiff
CA,Mariposa,Defense
CA,Mendocino,Defense
CA,Merced,Defense
CA,Modoc,Neutral
CA,Mono,Neutral
CA,Monterey,Defense
CA,Napa,Neutral
CA,Nevada,Neutral
CA,Orange,Defense
CA,Placer,Defense
CA,Plumas,Neutral
CA,Riverside,Plaintiff
CA,Sacramento,Neutral
CA,San Benito,Defense
CA,San Bernardino,Neutral
CA,San Diego,Neutral
CA,San Francisco,Plaintiff
CA,San Joaquin,Neutral
CA,San Luis Obispo,Defense
CA,San Mateo,Neutral
CA,Santa Barbara,Defense
CA,Santa Clara,Defense
CA,Santa Cruz,Plaintiff
CA,Shasta,Neutral
CA,Sierra,Neutral
CA,Siskiyou,Neutral
CA,Solano,Neutral
CA,Sonoma,Defense
CA,Stanislaus,Defense
CA,Sutter,Defense
CA,Tehama,Neutral
CA,Trinity,Neutral
CA,Tulare,Neutral
CA,Tuolumne,Neutral
CA,Ventura,Defense
CA,Yolo,Defense
CA,Yuba,Neutral
CO,Adams,Neutral
CO,Alamosa,Neutral
CO,Arapahoe,Defense
CO,Archuleta,Defense
CO,Baca,Defense
CO,Bent,Defense
CO,Boulder,Plaintiff
CO,Broomfield,Defense
CO,Chaffee,Defense
CO,Cheyenne,Defense
CO,Clear Creek,Defense
CO,Conejos,Defense
CO,Costilla,Defense
CO,Crowley,Defense
CO,Custer,Defense
CO,Delta,Defense
CO,Denver,Plaintiff
CO,Dolores,Defense
CO,Douglas,Neutral
CO,Eagle,Defense
CO,Elbert,Defense
CO,El Paso,Defense
CO,Fremont,Defense
CO,Garfield,Defense
CO,Gilpin,Defense
CO,Grand,Defense
CO,Gunnison,Defense
CO,Hinsdale,Defense
CO,Huerfano,Neutral
CO,Jackson,Defense
CO,Jefferson,Neutral
CO,Kiowa,Defense
CO,Kit Carson,Defense
CO,Lake,Defense
CO,La Plata,Defense
CO,Larimer,Neutral
CO,Las Animas,Defense
CO,Lincoln,Defense
CO,Logan,Defense
CO,Mesa,Defense
CO,Mineral,Defense
CO,Moffat,Defense
CO,Montezuma,Neutral
CO,Montrose,Defense
CO,Morgan,Defense
CO,Otero,Defense
CO,Ouray,Defense
CO,Park,Defense
CO,Phillips,Defense
CO,Pitkin,Plaintiff
CO,Prowers,Defense
CO,Pueblo,Plaintiff
CO,Rio Blanco,Defense
CO,Rio Grande,Defense
CO,Routt,Defense
CO,Saguache,Defense
CO,San Juan,Defense
CO,San Miguel,Defense
CO,Sedgwick,Defense
CO,Summit,Defense
CO,Teller,Defense
CO,Washington,Defense
CO,Weld,Neutral
CO,Yuma,Defense
CT,Bridgeport (Fairfield Judicial District),Plaintiff
CT,Danbury,Defense
CT,Hartford,Neutral
CT,Litchfield Judicial District (Torrington),Defense
CT,Middlesex,Neutral
CT,New Haven,Neutral
CT,New London,Plaintiff
CT,Norwalk (Stamford/ Norwalk Judicial District),Neutral
CT,Tolland,Defense
CT,Windham,Defense
CT,New Britain Judicial District,Neutral
CT,Waterbury Judicial District,Plaintiff
CT,Norwich ( New London Judicial District),Plaintiff
CT,Meriden (Middlesex Judicial District,Neutral
CT,Ansonia/Milford Judicial District,Neutral
DC,DC,Defense
DE,Kent,Plaintiff
DE,New Castle,Defense
DE,Sussex,Neutral
FL,Alachua,Neutral
FL,Baker,Neutral
FL,Bay,Defense
FL,Bradford,Defense
FL,Brevard,Plaintiff
FL,Broward,Plaintiff
FL,Calhoun,Defense
FL,Charlotte,Defense
FL,Citrus,Neutral
FL,Clay,Neutral
FL,Collier,Neutral
FL,Columbia,Neutral
FL,Dade,Plaintiff
FL,DeSoto,Neutral
FL,Dixie,Neutral
FL,Duval,Plaintiff
FL,Escambia,Neutral
FL,Flagler,Neutral
FL,Franklin,Defense
FL,Gadsden,Plaintiff
FL,Gilchrist,Neutral
FL,Glades,Neutral
FL,Gulf,Defense
FL,Hamilton,Defense
FL,Hardee,Defense
FL,Hendry,Defense
FL,Hernando,Neutral
FL,Highlands,Neutral
FL,Hillsborough,Neutral
FL,Holmes,Neutral
FL,Indian River,Neutral
FL,Jackson,Neutral
FL,Jefferson,Defense
FL,Lafayette,Neutral
FL,Lake,Defense
FL,Lee,Neutral
FL,Leon,Neutral
FL,Levy,Defense
FL,Liberty,Defense
FL,Madison,Defense
FL,Manatee,Defense
FL,Marion,Neutral
FL,Martin,Plaintiff
FL,Monroe,Plaintiff
FL,Nassau,Plaintiff
FL,Okaloosa,Neutral
FL,Okeechobee,Neutral
FL,Orange,Plaintiff
FL,Osceola,Plaintiff
FL,Palm Beach,Plaintiff
FL,Pasco,Defense
FL,Pinellas,Neutral
FL,Polk,Neutral
FL,Putnam,Neutral
FL,St. Johns,Neutral
FL,St. Lucie,Neutral
FL,Santa Rosa,Neutral
FL,Sarasota,Neutral
FL,Seminole,Neutral
FL,Sumter,Defense
FL,Suwannee,Neutral
FL,Taylor,Neutral
FL,Union,Defense
FL,Volusia,Neutral
FL,Wakulla,Defense
FL,Walton,Defense
FL,Washington,Defense
GA,Appling,Neutral
GA,Atkinson,Neutral
GA,Bacon,Neutral
GA,Baker,Neutral
GA,Baldwin,Neutral
GA,Banks,Neutral
GA,Barrow,Plaintiff
GA,Bartow,Plaintiff
GA,Ben Hill,Neutral
GA,Berrien,Neutral
GA,Bibb,Plaintiff
GA,Bleckley,Neutral
GA,Brantley,Neutral
GA,Brooks,Neutral
GA,Bryan,Neutral
GA,Bulloch,Plaintiff
GA,Burke,Neutral
GA,Butts,Neutral
GA,Calhoun,Neutral
GA,Camden,Plaintiff
GA,Candler,Neutral
GA,Carroll,Plaintiff
GA,Catoosa,Plaintiff
GA,Charlton,Neutral
GA,Chatham,Plaintiff
GA,Chattahoochee,Plaintiff
GA,Chattooga,Neutral
GA,Cherokee,Defense
GA,Clarke,Plaintiff
GA,Clay,Neutral
GA,Clayton,Plaintiff
GA,Clinch,Neutral
GA,Cobb,Plaintiff
GA,Coffee,Neutral
GA,Colquitt,Neutral
GA,Columbia,Neutral
GA,Cook,Neutral
GA,Coweta,Plaintiff
GA,Crawford,Neutral
GA,Crisp,Defense
GA,Dade,Plaintiff
GA,Dawson,Defense
GA,De Kalb,Plaintiff
GA,Decatur,Plaintiff
GA,Dodge,Plaintiff
GA,Dooly,Plaintiff
GA,Dougherty,Plaintiff
GA,Douglas,Plaintiff
GA,Early,Neutral
GA,Echols,Neutral
GA,Effingham,Plaintiff
GA,Elbert,Neutral
GA,Emanuel,Neutral
GA,Evans,Neutral
GA,Fannin,Defense
GA,Fayette,Plaintiff
GA,Floyd,Plaintiff
GA,Forsyth,Neutral
GA,Franklin,Neutral
GA,Fulton,Plaintiff
GA,Gilmer,Plaintiff
GA,Glascock,Neutral
GA,Glynn,Plaintiff
GA,Gordon,Plaintiff
GA,Grady,Plaintiff
GA,Greene,Defense
GA,Gwinnett,Plaintiff
GA,Habersham,Plaintiff
GA,Hall,Plaintiff
GA,Hancock,Neutral
GA,Haralson,Plaintiff
GA,Harris,Plaintiff
GA,Hart,Defense
GA,Heard,Neutral
GA,Henry,Plaintiff
GA,Houston,Plaintiff
GA,Irwin,Neutral
GA,Jackson,Neutral
GA,Jasper,Neutral
GA,Jeff Davis,Neutral
GA,Jefferson,Neutral
GA,Jenkins,Neutral
GA,Johnson,Neutral
GA,Jones,Plaintiff
GA,Lamar,Neutral
GA,Lanier,Neutral
GA,Laurens,Plaintiff
GA,Lee,Defense
GA,Liberty,Plaintiff
GA,Lincoln,Neutral
GA,Long,Neutral
GA,Lowndes,Plaintiff
GA,Lumpkin,Neutral
GA,Macon,Neutral
GA,Madison,Neutral
GA,Marion,Neutral
GA,McDuffie,Neutral
GA,McIntosh,Plaintiff
GA,Meriwether,Plaintiff
GA,Miller,Neutral
GA,Mitchell,Neutral
GA,Monroe,Defense
GA,Montgomery,Neutral
GA,Morgan,Neutral
GA,Murray,Neutral
GA,Muscogee,Plaintiff
GA,Newton,Plaintiff
GA,Oconee,Defense
GA,Oglethorpe,Neutral
GA,Paulding,Defense
GA,Peach,Plaintiff
GA,Pickens,Neutral
GA,Pierce,Neutral
GA,Pike,Plaintiff
GA,Polk,Plaintiff
GA,Pulaski,Neutral
GA,Putnam,Neutral
GA,Quitman,Neutral
GA,Rabun,Plaintiff
GA,Randolph,Neutral
GA,Richmond,Plaintiff
GA,Rockdale,Plaintiff
GA,Schley,Neutral
GA,Screven,Neutral
GA,Seminole,Neutral
GA,Spalding,Plaintiff
GA,Stephens,Defense
GA,Stewart,Neutral
GA,Sumter,Neutral
GA,Talbot,Neutral
GA,Taliaferro,Neutral
GA,Tattnall,Neutral
GA,Taylor,Neutral
GA,Telfair,Neutral
GA,Terrell,Neutral
GA,Thomas,Plaintiff
GA,Tift,Plaintiff
GA,Toombs,Neutral
GA,Towns,Neutral
GA,Treutlen,Neutral
GA,Troup,Plaintiff
GA,Turner,Neutral
GA,Twiggs,Plaintiff
GA,Union,Neutral
GA,Upson,Neutral
GA,Walker,Neutral
GA,Walton,Defense
GA,Ware,Neutral
GA,Warren,Neutral
GA,Washington,Neutral
GA,Wayne,Neutral
GA,Webster,Defense
GA,Wheeler,Neutral
GA,White,Neutral
GA,Whitfield,Plaintiff
GA,Wilcox,Neutral
GA,Wilkes,Neutral
GA,Wilkinson,Neutral
GA,Worth,Neutral
HI,Hilo,Plaintiff
HI,Honolulu,Neutral
HI,Lana'i,Plaintiff
HI,Maui,Plaintiff
HI,Molokai,Plaintiff
HI,Kaua’i,Plaintiff
HI,Kahului,Plaintiff
HI,Oahu,Neutral
IA,Adair,Defense
IA,Adams,Defense
IA,Allamakee,Defense
IA,Appanoose,Neutral
IA,Audubon,Defense
IA,Benton,Neutral
IA,Black Hawk,Plaintiff
IA,Boone,Defense
IA,Bremer,Neutral
IA,Buchanan,Neutral
IA,Buena Vista,Defense
IA,Butler,Neutral
IA,Calhoun,Defense
IA,Carroll,Defense
IA,Cass,Defense
IA,Cedar,Neutral
IA,Cerro Gordo,Defense
IA,Cherokee,Defense
IA,Chickasaw,Defense
IA,Clarke,Defense
IA,Clay,Defense
IA,Clayton,Neutral
IA,Clinton,Neutral
IA,Crawford,Defense
IA,Dallas,Defense
IA,Davis,Neutral
IA,Decatur,Defense
IA,Delaware,Neutral
IA,Des Moines,Neutral
IA,Dickinson,Defense
IA,Dubuque,Neutral
IA,Emmet,Defense
IA,Fayette,Neutral
IA,Floyd,Defense
IA,Franklin,Defense
IA,Fremont,Defense
IA,Greene,Defense
IA,Grundy,Neutral
IA,Guthrie,Defense
IA,Hamilton,Defense
IA,Hancock,Defense
IA,Hardin,Defense
IA,Harrison,Defense
IA,Henry,Neutral
IA,Howard,Defense
IA,Humboldt,Defense
IA,Ida,Defense
IA,Iowa,Neutral
IA,Jackson,Neutral
IA,Jasper,Neutral
IA,Jefferson,Neutral
IA,Johnson,Plaintiff
IA,Jones,Neutral
IA,Keokuk,Neutral
IA,Kossuth,Defense
IA,Lee,Neutral
IA,Linn,Plaintiff
IA,Louisa,Neutral
IA,Lucas,Neutral
IA,Lyon,Defense
IA,Madison,Defense
IA,Mahaska,Neutral
IA,Marion,Neutral
IA,Marshall,Defense
IA,Mills,Defense
IA,Mitchell,Defense
IA,Monona,Defense
IA,Monroe,Neutral
IA,Montgomery,Defense
IA,Muscatine,Neutral
IA,O'Brien,Defense
IA,Osceola,Defense
IA,Page,Defense
IA,Palo Alto,Defense
IA,Plymouth,Defense
IA,Pocahontas,Defense
IA,Polk,Plaintiff
IA,Pottawattamie,Defense
IA,Poweshiek,Neutral
IA,Ringgold,Defense
IA,Sac,Defense
IA,Scott,Plaintiff
IA,Shelby,Defense
IA,Sioux,Defense
IA,Story,Plaintiff
IA,Tama,Neutral
IA,Taylor,Defense
IA,Union,Defense
IA,Van Buren,Neutral
IA,Wapello,Neutral
IA,Warren,Defense
IA,Washington,Neutral
IA,Wayne,Neutral
IA,Webster,Defense
IA,Winnebago,Defense
IA,Winneshiek,Neutral
IA,Woodbury,Defense
IA,Worth,Defense
IA,Wright,Defense
ID,Ada,Neutral
ID,Adams,Defense
ID,Bannock,Neutral
ID,Bear Lake,Defense
ID,Benewah,Defense
ID,Bingham,Defense
ID,Blaine,Plaintiff
ID,Boise,Defense
ID,Bonner,Neutral
ID,Bonneville,Neutral
ID,Boundary,Defense
ID,Butte,Defense
ID,Camas,Defense
ID,Canyon,Defense
ID,Caribou,Defense
ID,Cassia,Defense
ID,Clark,Defense
ID,Clearwater,Defense
ID,Custer,Defense
ID,Elmore,Defense
ID,Franklin,Defense
ID,Fremont,Defense
ID,Gem,Defense
ID,Gooding,Neutral
ID,Idaho,Neutral
ID,Jefferson,Defense
ID,Jerome,Neutral
ID,Kootenai,Neutral
ID,Latah,Plaintiff
ID,Lemhi,Defense
ID,Lewis,Defense
ID,Lincoln,Defense
ID,Madison,Defense
ID,Minidoka,Defense
ID,Nez Perce,Neutral
ID,Oneida,Defense
ID,Owyhee,Defense
ID,Payette,Defense
ID,Power,Defense
ID,Shoshone,Neutral
ID,Teton,Neutral
ID,Twin Falls,Plaintiff
ID,Valley,Defense
ID,Washington,Defense
IL,Adams,Defense
IL,Alexander,Defense
IL,Bond,Defense
IL,Boone,Defense
IL,Brown,Defense
IL,Bureau,Defense
IL,Calhoun,Defense
IL,Carroll,Defense
IL,Cass,Defense
IL,Champaign,Neutral
IL,Christian,Defense
IL,Clark,Defense
IL,Clay,Defense
IL,Clinton,Defense
IL,Coles,Defense
IL,Cook,Plaintiff
IL,Crawford,Defense
IL,Cumberland,Defense
IL,DeKalb,Defense
IL,De Witt,Defense
IL,Douglas,Defense
IL,DuPage,Defense
IL,Edgar,Defense
IL,Edwards,Defense
IL,Effingham,Defense
IL,Fayette,Defense
IL,Ford,Defense
IL,Franklin,Defense
IL,Fulton,Defense
IL,Gallatin,Defense
IL,Greene,Defense
IL,Grundy,Defense
IL,Hamilton,Defense
IL,Hancock,Defense
IL,Hardin,Defense
IL,Henderson,Defense
IL,Henry,Defense
IL,Iroquois,Defense
IL,Jackson,Defense
IL,Jasper,Defense
IL,Jefferson,Defense
IL,Jersey,Defense
IL,Jo Daviess,Defense
IL,Johnson,Defense
IL,Kane,Neutral
IL,Kankakee,Defense
IL,Kendall,Defense
IL,Knox,Defense
IL,La Salle,Defense
IL,Lake,Neutral
IL,Lawrence,Defense
IL,Lee,Defense
IL,Livingston,Defense
IL,Logan,Defense
IL,McDonough,Defense
IL,McHenry,Defense
IL,McLean,Neutral
IL,Macon,Defense
IL,Macoupin,Defense
IL,Madison,Plaintiff
IL,Marion,Defense
IL,Marshall,Defense
IL,Mason,Defense
IL,Massac,Defense
IL,Menard,Defense
IL,Mercer,Defense
IL,Monroe,Plaintiff
IL,Montgomery,Defense
IL,Morgan,Defense
IL,Moultrie,Defense
IL,Ogle,Defense
IL,Peoria,Neutral
IL,Perry,Defense
IL,Piatt,Defense
IL,Pike,Defense
IL,Pope,Defense
IL,Pulaski,Defense
IL,Putnam,Defense
IL,Randolph,Defense
IL,Richland,Defense
IL,Rock Island,Defense
IL,Saline,Defense
IL,Sangamon,Neutral
IL,Schuyler,Defense
IL,Scott,Defense
IL,Shelby,Defense
IL,St. Clair,Plaintiff
IL,Stark,Defense
IL,Stephenson,Defense
IL,Tazewell,Defense
IL,Union,Defense
IL,Vermilion,Defense
IL,Wabash,Defense
IL,Warren,Defense
IL,Washington,Defense
IL,Wayne,Defense
IL,White,Defense
IL,Whiteside,Defense
IL,Will,Neutral
IL,Williamson,Defense
IL,Winnebago,Defense
IL,Woodford,Defense
IN,Adams,Defense
IN,Allen,Plaintiff
IN,Bartholomew,Neutral
IN,Benton,Defense
IN,Blackford,Defense
IN,Boone,Defense
IN,Brown,Defense
IN,Carroll,Defense
IN,Cass,Defense
IN,Clark,Neutral
IN,Clay,Defense
IN,Clinton,Defense
IN,Crawford,Defense
IN,Daviess,Defense
IN,Dearborn,Defense
IN,Decatur,Defense
IN,De Kalb,Defense
IN,Delaware,Plaintiff
IN,Dubois,Defense
IN,Elkhart,Neutral
IN,Fayette,Defense
IN,Floyd,Neutral
IN,Fountain,Defense
IN,Franklin,Defense
IN,Fulton,Defense
IN,Gibson,Defense
IN,Grant,Neutral
IN,Greene,Defense
IN,Hamilton,Defense
IN,Hancock,Neutral
IN,Harrison,Neutral
IN,Hendricks,Neutral
IN,Henry,Defense
IN,Howard,Neutral
IN,Huntington,Defense
IN,Jackson,Defense
IN,Jasper,Defense
IN,Jay,Defense
IN,Jefferson,Defense
IN,Jennings,Defense
IN,Johnson,Neutral
IN,Knox,Defense
IN,Kosciusko,Defense
IN,La Porte,Neutral
IN,Lagrange,Defense
IN,Lake,Plaintiff
IN,Lawrence,Defense
IN,Madison,Plaintiff
IN,Marion,Plaintiff
IN,Marshall,Neutral
IN,Martin,Defense
IN,Miami,Defense
IN,Monroe,Plaintiff
IN,Montgomery,Defense
IN,Morgan,Defense
IN,Newton,Defense
IN,Noble,Defense
IN,Ohio,Defense
IN,Orange,Defense
IN,Owen,Defense
IN,Parke,Defense
IN,Perry,Defense
IN,Pike,Defense
IN,Porter,Plaintiff
IN,Posey,Neutral
IN,Pulaski,Defense
IN,Putnam,Defense
IN,Randolph,Defense
IN,Ripley,Defense
IN,Rush,Defense
IN,St. Joseph,Neutral
IN,Scott,Defense
IN,Shelby,Neutral
IN,Spencer,Defense
IN,Starke,Neutral
IN,Steuben,Defense
IN,Sullivan,Neutral
IN,Switzerland,Defense
IN,Tippecanoe,Neutral
IN,Tipton,Defense
IN,Union,Defense
IN,Vanderburgh,Neutral
IN,Vermillion,Defense
IN,Vigo,Plaintiff
IN,Wabash,Defense
IN,Warren,Defense
IN,Warrick,Neutral
IN,Washington,Defense
IN,Wayne,Defense
IN,Wells,Defense
IN,White,Defense
IN,Whitley,Defense
KS,Allen,Defense
KS,Anderson,Defense
KS,Atchison,Neutral
KS,Barber,Defense
KS,Barton,Defense
KS,Bourbon,Neutral
KS,Brown,Defense
KS,Butler,Neutral
KS,Chase,Defense
KS,Chautauqua,Defense
KS,Cherokee,Plaintiff
KS,Cheyenne,Defense
KS,Clark,Defense
KS,Clay,Defense
KS,Cloud,Defense
KS,Coffey,Defense
KS,Comanche,Defense
KS,Cowley,Defense
KS,Crawford,Plaintiff
KS,Decatur,Defense
KS,Dickinson,Neutral
KS,Doniphan,Neutral
KS,Douglas,Plaintiff
KS,Edwards,Defense
KS,Elk,Defense
KS,Ellis,Neutral
KS,Ellsworth,Defense
KS,Finney,Plaintiff
KS,Ford,Defense
KS,Franklin,Defense
KS,Geary,Plaintiff
KS,Gove,Defense
KS,Graham,Defense
KS,Grant,Defense
KS,Gray,Defense
KS,Greeley,Defense
KS,Greenwood,Defense
KS,Hamilton,Defense
KS,Harper,Defense
KS,Harvey,Defense
KS,Haskell,Defense
KS,Hodgeman,Defense
KS,Jackson,Defense
KS,Jefferson,Defense
KS,Jewell,Defense
KS,Johnson,Neutral
KS,Kearny,Defense
KS,Kingman,Defense
KS,Kiowa,Defense
KS,Labette,Plaintiff
KS,Lane,Defense
KS,Leavenworth,Neutral
KS,Lincoln,Defense
KS,Linn,Defense
KS,Logan,Defense
KS,Lyon,Plaintiff
KS,Marion,Defense
KS,Marshall,Defense
KS,McPherson,Defense
KS,Meade,Defense
KS,Miami,Neutral
KS,Mitchell,Defense
KS,Montgomery,Defense
KS,Morris,Defense
KS,Morton,Defense
KS,Nemaha,Defense
KS,Neosho,Defense
KS,Ness,Defense
KS,Norton,Defense
KS,Osage,Defense
KS,Osborne,Defense
KS,Ottawa,Defense
KS,Pawnee,Defense
KS,Phillips,Defense
KS,Pottawatomie,Defense
KS,Pratt,Defense
KS,Rawlins,Defense
KS,Reno,Plaintiff
KS,Republic,Defense
KS,Rice,Defense
KS,Riley,Defense
KS,Rooks,Defense
KS,Rush,Defense
KS,Russell,Defense
KS,Saline,Defense
KS,Scott,Defense
KS,Sedgwick,Plaintiff
KS,Seward,Defense
KS,Shawnee,Plaintiff
KS,Sheridan,Defense
KS,Sherman,Defense
KS,Smith,Defense
KS,Stafford,Defense
KS,Stanton,Defense
KS,Stevens,Neutral
KS,Sumner,Defense
KS,Thomas,Defense
KS,Trego,Defense
KS,Wabaunsee,Defense
KS,Wallace,Defense
KS,Washington,Defense
KS,Wichita,Defense
KS,Wilson,Defense
KS,Woodson,Defense
KS,Wyandotte,Plaintiff
KY,Adair,Neutral
KY,Allen,Neutral
KY,Anderson,Defense
KY,Ballard,Neutral
KY,Barren,Defense
KY,Bath,Defense
KY,Bell,Plaintiff
KY,Boone,Defense
KY,Bourbon,Defense
KY,Boyd,Neutral
KY,Boyle,Defense
KY,Bracken,Defense
KY,Breathitt,Plaintiff
KY,Breckinridge,Defense
KY,Bullitt,Neutral
KY,Butler,Neutral
KY,Caldwell,Neutral
KY,Calloway,Neutral
KY,Campbell,Neutral
KY,Carlisle,Neutral
KY,Carroll,Neutral
KY,Carter,Plaintiff
KY,Casey,Neutral
KY,Christian,Neutral
KY,Clark,Defense
KY,Clay,Plaintiff
KY,Clinton,Neutral
KY,Crittenden,Neutral
KY,Cumberland,Neutral
KY,Daviess,Neutral
KY,Edmonson,Defense
KY,Elliott,Plaintiff
KY,Estill,Neutral
KY,Fayette,Defense
KY,Fleming,Defense
KY,Floyd,Plaintiff
KY,Franklin,Neutral
KY,Fulton,Neutral
KY,Gallatin,Neutral
KY,Garrard,Defense
KY,Grant,Defense
KY,Graves,Neutral
KY,Grayson,Defense
KY,Green,Defense
KY,Greenup,Neutral
KY,Hancock,Defense
KY,Hardin,Defense
KY,Harlan,Plaintiff
KY,Harrison,Defense
KY,Hart,Defense
KY,Henderson,Neutral
KY,Henry,Defense
KY,Hickman,Neutral
KY,Hopkins,Neutral
KY,Jackson,Plaintiff
KY,Jefferson,Neutral
KY,Jessamine,Defense
KY,Johnson,Plaintiff
KY,Kenton,Neutral
KY,Knott,Plaintiff
KY,Knox,Plaintiff
KY,Larue,Defense
KY,Laurel,Plaintiff
KY,Lawrence,Plaintiff
KY,Lee,Plaintiff
KY,Leslie,Plaintiff
KY,Letcher,Plaintiff
KY,Lewis,Defense
KY,Lincoln,Neutral
KY,Livingston,Neutral
KY,Logan,Neutral
KY,Lyon,Neutral
KY,McCracken,Neutral
KY,McCreary,Plaintiff
KY,McLean,Neutral
KY,Madison,Neutral
KY,Magoffin,Plaintiff
KY,Marion,Defense
KY,Marshall,Neutral
KY,Martin,Plaintiff
KY,Mason,Defense
KY,Meade,Defense
KY,Menifee,Neutral
KY,Mercer,Defense
KY,Metcalfe,Neutral
KY,Monroe,Defense
KY,Montgomery,Defense
KY,Morgan,Plaintiff
KY,Muhlenberg,Neutral
KY,Nelson,Neutral
KY,Nicholas,Defense
KY,Ohio,Neutral
KY,Oldham,Defense
KY,Owen,Defense
KY,Owsley,Plaintiff
KY,Pendleton,Defense
KY,Perry,Plaintiff
KY,Pike,Plaintiff
KY,Powell,Plaintiff
KY,Pulaski,Plaintiff
KY,Robertson,Defense
KY,Rockcastle,Neutral
KY,Rowan,Defense
KY,Russell,Neutral
KY,Scott,Defense
KY,Shelby,Neutral
KY,Simpson,Defense
KY,Spencer,Defense
KY,Taylor,Defense
KY,Todd,Neutral
KY,Trigg,Neutral
KY,Trimble,Neutral
KY,Union,Neutral
KY,Warren,Defense
KY,Washington,Defense
KY,Wayne,Plaintiff
KY,Webster,Neutral
KY,Whitley,Plaintiff
KY,Wolfe,Plaintiff
KY,Woodford,Defense
LA,Acadia,Neutral
LA,Allen,Plaintiff
LA,Ascension,Plaintiff
LA,Assumption,Plaintiff
LA,Avoyelles,Plaintiff
LA,Beauregard,Neutral
LA,Bienville,Defense
LA,Bossier,Defense
LA,Caddo,Neutral
LA,Calcasieu,Plaintiff
LA,Caldwell,Neutral
LA,Cameron,Plaintiff
LA,Catahoula,Plaintiff
LA,Claiborne,Defense
LA,Concordia,Plaintiff
LA,De Soto,Defense
LA,East Baton Rouge,Plaintiff
LA,East Carroll,Plaintiff
LA,East Feliciana,Neutral
LA,Evangeline,Plaintiff
LA,Franklin,Plaintiff
LA,Grant,Plaintiff
LA,Iberia,Neutral
LA,Iberville,Plaintiff
LA,Jackson,Neutral
LA,Jefferson,Defense
LA,Jefferson Davis,Plaintiff
LA,La Salle,Plaintiff
LA,Lafayette,Plaintiff
LA,Lafourche,Neutral
LA,Lincoln,Defense
LA,Livingston,Neutral
LA,Madison,Plaintiff
LA,Morehouse,Plaintiff
LA,Natchitoches,Plaintiff
LA,Orleans,Plaintiff
LA,Ouachita,Neutral
LA,Plaquemines,Neutral
LA,Pointe Coupee,Plaintiff
LA,Rapides,Plaintiff
LA,Red River,Defense
LA,Richland,Plaintiff
LA,Sabine,Defense
LA,St. Bernard,Plaintiff
LA,St. Charles,Plaintiff
LA,St. Helena,Neutral
LA,St. James,Plaintiff
LA,St. John The Baptist,Plaintiff
LA,St. Landry,Plaintiff
LA,St. Martin,Neutral
LA,St. Mary,Neutral
LA,St. Tammany,Defense
LA,Tangipahoa,Neutral
LA,Tensas,Plaintiff
LA,Terrebonne,Neutral
LA,Union,Neutral
LA,Vermilion,Neutral
LA,Vernon,Defense
LA,Washington,Neutral
LA,Webster,Defense
LA,West Baton Rouge,Plaintiff
LA,West Carroll,Plaintiff
LA,West Feliciana,Neutral
LA,Winn,Neutral
MA,Barnstable,Defense
MA,Berkshire,Neutral
MA,Bristol,Defense
MA,Dukes,Defense
MA,Essex,Neutral
MA,Franklin,Neutral
MA,Hampden,Plaintiff
MA,Hampshire,Defense
MA,Middlesex,Plaintiff
MA,Nantucket,Defense
MA,Norfolk,Defense
MA,Plymouth,Plaintiff
MA,Suffolk,Plaintiff
MA,Worcester,Defense
MD,Allegany,Defense
MD,Anne Arundel,Neutral
MD,Baltimore,Neutral
MD,Baltimore City,Plaintiff
MD,Calvert,Neutral
MD,Caroline,Defense
MD,Carroll,Defense
MD,Cecil,Defense
MD,Charles,Plaintiff
MD,Dorchester,Defense
MD,Frederick,Defense
MD,Garrett,Defense
MD,Harford,Defense
MD,Howard,Neutral
MD,Kent,Defense
MD,Montgomery,Neutral
MD,Prince George's,Plaintiff
MD,Queen Anne's,Defense
MD,St. Mary's,Defense
MD,Somerset,Defense
MD,Talbot,Defense
MD,Washington,Defense
MD,Wicomico,Defense
MD,Worcester,Defense
ME,Androscoggin,Plaintiff
ME,Aroostook,Defense
ME,Cumberland,Plaintiff
ME,Franklin,Neutral
ME,Hancock,Neutral
ME,Kennebec,Defense
ME,Knox,Neutral
ME,Lincoln,Neutral
ME,Oxford,Neutral
ME,Penobscot,Neutral
ME,Piscataquis,Defense
ME,Sagadahoc,Neutral
ME,Somerset,Neutral
ME,Waldo,Neutral
ME,Washington,Defense
ME,York,Plaintiff
MI,Alcona,Defense
MI,Alger,Defense
MI,Allegan,Neutral
MI,Alpena,Defense
MI,Antrim,Defense
MI,Arenac,Defense
MI,Baraga,Defense
MI,Barry,Defense
MI,Bay,Neutral
MI,Benzie,Defense
MI,Berrien,Neutral
MI,Branch,Defense
MI,Calhoun,Neutral
MI,Cass,Defense
MI,Charlevoix,Defense
MI,Cheboygan,Defense
MI,Chippewa,Neutral
MI,Clare,Neutral
MI,Clinton,Neutral
MI,Crawford,Neutral
MI,Delta,Neutral
MI,Dickinson,Plaintiff
MI,Eaton,Defense
MI,Emmet,Defense
MI,Genesee,Plaintiff
MI,Gladwin,Defense
MI,Gogebic,Defense
MI,Grand Traverse,Neutral
MI,Gratiot,Neutral
MI,Hillsdale,Defense
MI,Houghton,Neutral
MI,Huron,Defense
MI,Ingham,Plaintiff
MI,Ionia,Neutral
MI,Iosco,Defense
MI,Iron,Neutral
MI,Isabella,Neutral
MI,Jackson,Neutral
MI,Kalamazoo,Neutral
MI,Kalkaska,Defense
MI,Kent,Neutral
MI,Keweenaw,Defense
MI,Lake,Defense
MI,Lapeer,Neutral
MI,Leelanau,Neutral
MI,Lenawee,Defense
MI,Livingston,Neutral
MI,Luce,Neutral
MI,Mackinac,Neutral
MI,Macomb,Neutral
MI,Manistee,Defense
MI,Marquette,Neutral
MI,Mason,Defense
MI,Mecosta,Neutral
MI,Menominee,Defense
MI,Midland,Neutral
MI,Missaukee,Defense
MI,Monroe,Neutral
MI,Montcalm,Defense
MI,Montmorency,Defense
MI,Muskegon,Neutral
MI,Newaygo,Defense
MI,Oakland,Plaintiff
MI,Oceana,Defense
MI,Ogemaw,Defense
MI,Ontonagon,Defense
MI,Osceola,Defense
MI,Oscoda,Defense
MI,Otsego,Defense
MI,Ottawa,Neutral
MI,Presque Isle,Defense
MI,Roscommon,Defense
MI,Saginaw,Neutral
MI,St. Clair,Neutral
MI,St. Joseph,Neutral
MI,Sanilac,Neutral
MI,Schoolcraft,Defense
MI,Shiawassee,Defense
MI,Tuscola,Neutral
MI,Van Buren,Defense
MI,Washtenaw,Plaintiff
MI,Wayne,Plaintiff
MI,Wexford,Defense
MN,Aitkin,Neutral
MN,Anoka,Neutral
MN,Becker,Neutral
MN,Beltrami,Plaintiff
MN,Benton,Neutral
MN,Big Stone,Neutral
MN,Blue Earth,Neutral
MN,Brown,Neutral
MN,Carlton,Neutral
MN,Carver,Neutral
MN,Cass,Plaintiff
MN,Chippewa,Neutral
MN,Chisago,Neutral
MN,Clay,Neutral
MN,Clearwater,Neutral
MN,Cook,Plaintiff
MN,Cottonwood,Neutral
MN,Crow Wing,Neutral
MN,Dakota,Plaintiff
MN,Dodge,Neutral
MN,Douglas,Neutral
MN,Faribault,Neutral
MN,Fillmore,Neutral
MN,Freeborn,Neutral
MN,Goodhue,Neutral
MN,Grant,Neutral
MN,Hennepin,Plaintiff
MN,Houston,Neutral
MN,Hubbard,Neutral
MN,Isanti,Neutral
MN,Itasca,Plaintiff
MN,Jackson,Neutral
MN,Kanabec,Neutral
MN,Kandiyohi,Neutral
MN,Kittson,Plaintiff
MN,Koochiching,Plaintiff
MN,Lac Qui Parle,Neutral
MN,Lake,Plaintiff
MN,Lake Of The Wood,Neutral
MN,Le Sueur,Neutral
MN,Lincoln,Neutral
MN,Lyon,Neutral
MN,Mahnomen,Neutral
MN,Marshall,Neutral
MN,Martin,Neutral
MN,McLeod,Neutral
MN,Meeker,Neutral
MN,Mille Lacs,Neutral
MN,Morrison,Neutral
MN,Mower,Neutral
MN,Murray,Neutral
MN,Nicollet,Neutral
MN,Nobles,Neutral
MN,Norman,Neutral
MN,Olmsted,Defense
MN,Otter Tail,Neutral
MN,Pennington,Neutral
MN,Pine,Neutral
MN,Pipestone,Neutral
MN,Polk,Neutral
MN,Pope,Neutral
MN,Ramsey,Plaintiff
MN,Red Lake,Neutral
MN,Redwood,Neutral
MN,Renville,Neutral
MN,Rice,Neutral
MN,Rock,Neutral
MN,Roseau,Neutral
MN,St. Louis,Plaintiff
MN,Scott,Neutral
MN,Sherburne,Neutral
MN,Sibley,Neutral
MN,Stearns,Neutral
MN,Steele,Neutral
MN,Stevens,Neutral
MN,Swift,Neutral
MN,Todd,Neutral
MN,Traverse,Neutral
MN,Wabasha,Neutral
MN,Wadena,Neutral
MN,Waseca,Neutral
MN,Washington,Neutral
MN,Watonwan,Neutral
MN,Wilkin,Neutral
MN,Winona,Neutral
MN,Wright,Neutral
MN,Yellow Medicine,Neutral
MO,Adair,Defense
MO,Andrew,Neutral
MO,Atchison,Defense
MO,Audrain,Defense
MO,Barry,Defense
MO,Barton,Defense
MO,Bates,Defense
MO,Benton,Defense
MO,Bollinger,Defense
MO,Boone,Neutral
MO,Buchanan,Neutral
MO,Butler,Defense
MO,Caldwell,Defense
MO,Callaway,Defense
MO,Camden,Neutral
MO,Cape Girardeau,Neutral
MO,Carroll,Defense
MO,Carter,Defense
MO,Cass,Plaintiff
MO,Cedar,Defense
MO,Chariton,Defense
MO,Christian,Neutral
MO,Clark,Defense
MO,Clay,Plaintiff
MO,Clinton,Defense
MO,Cole,Neutral
MO,Cooper,Defense
MO,Crawford,Defense
MO,Dade,Defense
MO,Dallas,Defense
MO,Daviess,Defense
MO,De Kalb,Defense
MO,Dent,Defense
MO,Douglas,Defense
MO,Dunklin,Defense
MO,Franklin,Neutral
MO,Gasconade,Defense
MO,Gentry,Defense
MO,Greene,Neutral
MO,Grundy,Defense
MO,Harrison,Defense
MO,Henry,Defense
MO,Hickory,Defense
MO,Holt,Defense
MO,Howard,Defense
MO,Howell,Defense
MO,Iron,Defense
MO,Jackson,Plaintiff
MO,Jasper,Neutral
MO,Jefferson,Neutral
MO,Johnson,Neutral
MO,Knox,Defense
MO,Laclede,Defense
MO,Lafayette,Neutral
MO,Lawrence,Defense
MO,Lewis,Defense
MO,Lincoln,Defense
MO,Linn,Defense
MO,Livingston,Defense
MO,Macon,Defense
MO,Madison,Defense
MO,Maries,Defense
MO,Marion,Defense
MO,McDonald,Defense
MO,Mercer,Defense
MO,Miller,Defense
MO,Mississippi,Defense
MO,Moniteau,Defense
MO,Monroe,Defense
MO,Montgomery,Defense
MO,Morgan,Defense
MO,New Madrid,Defense
MO,Newton,Defense
MO,Nodaway,Defense
MO,Oregon,Defense
MO,Osage,Defense
MO,Ozark,Defense
MO,Pemiscot,Defense
MO,Perry,Defense
MO,Pettis,Defense
MO,Phelps,Defense
MO,Pike,Neutral
MO,Platte,Plaintiff
MO,Polk,Neutral
MO,Pulaski,Neutral
MO,Putnam,Defense
MO,Ralls,Defense
MO,Randolph,Defense
MO,Ray,Defense
MO,Reynolds,Defense
MO,Ripley,Defense
MO,St. Charles,Neutral
MO,St. Clair,Defense
MO,Ste. Genevieve,Defense
MO,St. Francois,Defense
MO,St. Louis,Neutral
MO,St. Louis City,Plaintiff
MO,Saline,Defense
MO,Schuyler,Defense
MO,Scotland,Defense
MO,Scott,Defense
MO,Shannon,Defense
MO,Shelby,Defense
MO,Stoddard,Defense
MO,Stone,Defense
MO,Sullivan,Defense
MO,Taney,Defense
MO,Texas,Defense
MO,Vernon,Defense
MO,Warren,Defense
MO,Washington,Defense
MO,Wayne,Defense
MO,Webster,Defense
MO,Worth,Defense
MO,Wright,Defense
MS,Adams,Plaintiff
MS,Alcorn,Defense
MS,Amite,Neutral
MS,Attala,Neutral
MS,Benton,Neutral
MS,Bolivar,Plaintiff
MS,Calhoun,Neutral
MS,Carroll,Neutral
MS,Chickasaw,Neutral
MS,Choctaw,Neutral
MS,Claiborne,Plaintiff
MS,Clarke,Neutral
MS,Clay,Neutral
MS,Coahoma,Plaintiff
MS,Copiah,Neutral
MS,Covington,Neutral
MS,De Soto,Defense
MS,Forrest,Neutral
MS,Franklin,Neutral
MS,George,Neutral
MS,Greene,Defense
MS,Grenada,Neutral
MS,Hancock,Defense
MS,Harrison,Neutral
MS,Hinds,Plaintiff
MS,Holmes,Plaintiff
MS,Humphreys,Plaintiff
MS,Issaquena,Plaintiff
MS,Itawamba,Neutral
MS,Jackson,Plaintiff
MS,Jasper,Plaintiff
MS,Jefferson,Plaintiff
MS,Jefferson Davis,Plaintiff
MS,Jones,Plaintiff
MS,Kemper,Neutral
MS,Lafayette,Neutral
MS,Lamar,Neutral
MS,Lauderdale,Defense
MS,Lawrence,Neutral
MS,Leake,Neutral
MS,Lee,Defense
MS,Leflore,Plaintiff
MS,Lincoln,Neutral
MS,Lowndes,Neutral
MS,Madison,Neutral
MS,Marion,Neutral
MS,Marshall,Neutral
MS,Monroe,Neutral
MS,Montgomery,Neutral
MS,Neshoba,Neutral
MS,Newton,Neutral
MS,Noxubee,Plaintiff
MS,Oktibbeha,Neutral
MS,Panola,Plaintiff
MS,Pearl River,Defense
MS,Perry,Neutral
MS,Pike,Neutral
MS,Pontotoc,Defense
MS,Prentiss,Defense
MS,Quitman,Plaintiff
MS,Rankin,Defense
MS,Scott,Neutral
MS,Sharkey,Plaintiff
MS,Simpson,Neutral
MS,Smith,Plaintiff
MS,Stone,Neutral
MS,Sunflower,Plaintiff
MS,Tallahatchie,Plaintiff
MS,Tate,Defense
MS,Tippah,Defense
MS,Tishomingo,Defense
MS,Tunica,Plaintiff
MS,Union,Defense
MS,Walthall,Neutral
MS,Warren,Plaintiff
MS,Washington,Plaintiff
MS,Wayne,Defense
MS,Webster,Defense
MS,Wilkinson,Plaintiff
MS,Winston,Neutral
MS,Yalobusha,Neutral
MS,Yazoo,Plaintiff
MT,Beaverhead,Neutral
MT,Big Horn,Defense
MT,Blaine,Defense
MT,Broadwater,Neutral
MT,Carbon,Defense
MT,Carter,Defense
MT,Cascade,Plaintiff
MT,Chouteau,Defense
MT,Custer,Defense
MT,Daniels,Defense
MT,Dawson,Defense
MT,Deer Lodge,Plaintiff
MT,Fallon,Defense
MT,Fergus,Neutral
MT,Flathead,Defense
MT,Gallatin,Neutral
MT,Garfield,Defense
MT,Glacier,Defense
MT,Golden Valley,Defense
MT,Granite,Defense
MT,Hill,Neutral
MT,Jefferson,Neutral
MT,Judith Basin,Defense
MT,Lake,Neutral
MT,Lewis And Clark,Neutral
MT,Liberty,Defense
MT,Lincoln,Neutral
MT,Madison,Defense
MT,McCone,Defense
MT,Meagher,Defense
MT,Mineral,Defense
MT,Missoula,Neutral
MT,Musselshell,Neutral
MT,Park,Neutral
MT,Petroleum,Defense
MT,Phillips,Defense
MT,Pondera,Defense
MT,Powder River,Defense
MT,Powell,Neutral
MT,Prairie,Defense
MT,Ravalli,Defense
MT,Richland,Neutral
MT,Roosevelt,Defense
MT,Rosebud,Defense
MT,Sanders,Defense
MT,Sheridan,Defense
MT,Silver Bow,Plaintiff
MT,Stillwater,Neutral
MT,Sweet Grass,Defense
MT,Teton,Defense
MT,Toole,Defense
MT,Treasure,Defense
MT,Valley,Defense
MT,Wheatland,Defense
MT,Wibaux,Defense
MT,Yellowstone,Neutral
MT,Yellowstone National Park,Defense
NC,Alamance,Neutral
NC,Alexander,Neutral
NC,Alleghany,Neutral
NC,Anson,Plaintiff
NC,Ashe,Defense
NC,Avery,Neutral
NC,Beaufort,Neutral
NC,Bertie,Plaintiff
NC,Bladen,Neutral
NC,Brunswick,Neutral
NC,Buncombe,Plaintiff
NC,Burke,Defense
NC,Cabarrus,Defense
NC,Caldwell,Defense
NC,Camden,Neutral
NC,Carteret,Plaintiff
NC,Caswell,Neutral
NC,Catawba,Neutral
NC,Chatham,Neutral
NC,Cherokee,Defense
NC,Chowan,Neutral
NC,Clay,Defense
NC,Cleveland,Defense
NC,Columbus,Neutral
NC,Craven,Neutral
NC,Cumberland,Plaintiff
NC,Currituck,Plaintiff
NC,Dare,Defense
NC,Davidson,Defense
NC,Davie,Defense
NC,Duplin,Neutral
NC,Durham,Plaintiff
NC,Edgecombe,Plaintiff
NC,Forsyth,Neutral
NC,Franklin,Neutral
NC,Gaston,Neutral
NC,Gates,Neutral
NC,Graham,Defense
NC,Granville,Neutral
NC,Greene,Neutral
NC,Guilford,Neutral
NC,Halifax,Neutral
NC,Harnett,Neutral
NC,Haywood,Neutral
NC,Henderson,Neutral
NC,Hertford,Plaintiff
NC,Hoke,Plaintiff
NC,Hyde,Defense
NC,Iredell,Neutral
NC,Jackson,Defense
NC,Johnston,Defense
NC,Jones,Neutral
NC,Lee,Defense
NC,Lenoir,Plaintiff
NC,Lincoln,Neutral
NC,McDowell,Neutral
NC,Macon,Defense
NC,Madison,Neutral
NC,Martin,Neutral
NC,Mecklenburg,Neutral
NC,Mitchell,Neutral
NC,Montgomery,Neutral
NC,Moore,Neutral
NC,Nash,Defense
NC,New Hanover,Defense
NC,Northampton,Neutral
NC,Onslow,Neutral
NC,Orange,Plaintiff
NC,Pamlico,Neutral
NC,Pasquotank,Neutral
NC,Pender,Neutral
NC,Perquimans,Neutral
NC,Person,Neutral
NC,Pitt,Neutral
NC,Polk,Neutral
NC,Randolph,Defense
NC,Richmond,Plaintiff
NC,Robeson,Plaintiff
NC,Rockingham,Defense
NC,Rowan,Neutral
NC,Rutherford,Neutral
NC,Sampson,Defense
NC,Scotland,Plaintiff
NC,Stanly,Neutral
NC,Stokes,Defense
NC,Surry,Defense
NC,Swain,Defense
NC,Transylvania,Defense
NC,Tyrrell,Neutral
NC,Union,Neutral
NC,Vance,Neutral
NC,Wake,Defense
NC,Warren,Plaintiff
NC,Washington,Neutral
NC,Watauga,Plaintiff
NC,Wayne,Defense
NC,Wilkes,Neutral
NC,Wilson,Plaintiff
NC,Yadkin,Neutral
NC,Yancey,Neutral
ND,Adams,Defense
ND,Barnes,Defense
ND,Benson,Defense
ND,Billings,Defense
ND,Bottineau,Defense
ND,Bowman,Defense
ND,Burke,Defense
ND,Burleigh,Defense
ND,Cass,Defense
ND,Cavalier,Defense
ND,Dickey,Defense
ND,Divide,Defense
ND,Dunn,Defense
ND,Eddy,Defense
ND,Emmons,Defense
ND,Foster,Defense
ND,Golden Valley,Defense
ND,Grand Forks,Defense
ND,Grant,Defense
ND,Griggs,Defense
ND,Hettinger,Defense
ND,Kidder,Defense
ND,LaMoure,Defense
ND,Logan,Defense
ND,McHenry,Defense
ND,McIntosh,Defense
ND,McKenzie,Defense
ND,McLean,Defense
ND,Mercer,Defense
ND,Morton,Defense
ND,Mountrail,Defense
ND,Nelson,Defense
ND,Oliver,Defense
ND,Pembina,Defense
ND,Pierce,Defense
ND,Ramsey,Defense
ND,Ransom,Defense
ND,Renville,Defense
ND,Richland,Defense
ND,Rolette,Defense
ND,Sargent,Defense
ND,Sheridan,Defense
ND,Sioux,Defense
ND,Slope,Defense
ND,Stark,Defense
ND,Steele,Defense
ND,Stutsman,Defense
ND,Towner,Defense
ND,Traill,Defense
ND,Walsh,Defense
ND,Ward,Defense
ND,Wells,Defense
ND,Williams,Defense
NE,Adams,Defense
NE,Antelope,Defense
NE,Arthur,Defense
NE,Banner,Defense
NE,Blaine,Defense
NE,Boone,Defense
NE,Box Butte,Defense
NE,Boyd,Defense
NE,Brown,Defense
NE,Buffalo,Defense
NE,Burt,Defense
NE,Butler,Defense
NE,Cass,Defense
NE,Cedar,Defense
NE,Chase,Defense
NE,Cherry,Defense
NE,Cheyenne,Defense
NE,Clay,Defense
NE,Colfax,Defense
NE,Cuming,Defense
NE,Custer,Defense
NE,Dakota,Defense
NE,Dawes,Defense
NE,Dawson,Defense
NE,Deuel,Defense
NE,Dixon,Defense
NE,Dodge,Defense
NE,Douglas,Plaintiff
NE,Dundy,Defense
NE,Fillmore,Defense
NE,Franklin,Defense
NE,Frontier,Defense
NE,Furnas,Defense
NE,Gage,Defense
NE,Garden,Defense
NE,Garfield,Defense
NE,Gosper,Defense
NE,Grant,Defense
NE,Greeley,Defense
NE,Hall,Defense
NE,Hamilton,Defense
NE,Harlan,Defense
NE,Hayes,Defense
NE,Hitchcock,Defense
NE,Holt,Defense
NE,Hooker,Defense
NE,Howard,Defense
NE,Jefferson,Defense
NE,Johnson,Defense
NE,Kearney,Defense
NE,Keith,Defense
NE,Keya Paha,Defense
NE,Kimball,Defense
NE,Knox,Defense
NE,Lancaster,Plaintiff
NE,Lincoln,Defense
NE,Logan,Defense
NE,Loup,Defense
NE,McPherson,Defense
NE,Madison,Defense
NE,Merrick,Defense
NE,Morrill,Defense
NE,Nance,Defense
NE,Nemaha,Defense
NE,Nuckolls,Defense
NE,Otoe,Defense
NE,Pawnee,Defense
NE,Perkins,Defense
NE,Phelps,Defense
NE,Pierce,Defense
NE,Platte,Defense
NE,Polk,Defense
NE,Red Willow,Defense
NE,Richardson,Defense
NE,Rock,Defense
NE,Saline,Defense
NE,Sarpy,Defense
NE,Saunders,Defense
NE,Scotts Bluff,Plaintiff
NE,Seward,Defense
NE,Sheridan,Defense
NE,Sherman,Defense
NE,Sioux,Defense
NE,Stanton,Defense
NE,Thayer,Defense
NE,Thomas,Defense
NE,Thurston,Defense
NE,Valley,Defense
NE,Washington,Defense
NE,Wayne,Defense
NE,Webster,Defense
NE,Wheeler,Defense
NE,York,Defense
NH,Belknap,Neutral
NH,Carroll,Neutral
NH,Cheshire,Plaintiff
NH,Coos,Defense
NH,Grafton,Neutral
NH,Hillsborough,Plaintiff
NH,Merrimack,Plaintiff
NH,Rockingham,Neutral
NH,Strafford,Neutral
NH,Sullivan,Defense
NJ,Atlantic,Plaintiff
NJ,Bergen,Neutral
NJ,Burlington,Defense
NJ,Camden,Plaintiff
NJ,Cape May,Defense
NJ,Cumberland,Defense
NJ,Essex,Plaintiff
NJ,Gloucester,Neutral
NJ,Hudson,Plaintiff
NJ,Hunterdon,Defense
NJ,Mercer,Plaintiff
NJ,Middlesex,Plaintiff
NJ,Monmouth,Defense
NJ,Morris,Defense
NJ,Ocean,Defense
NJ,Passaic,Neutral
NJ,Salem,Defense
NJ,Somerset,Neutral
NJ,Sussex,Defense
NJ,Union,Plaintiff
NJ,Warren,Defense
NM,Bernalillo,Neutral
NM,Catron,Defense
NM,Chaves,Defense
NM,Cibola,Neutral
NM,Colfax,Defense
NM,Curry,Defense
NM,De Baca,Neutral
NM,Dona Ana,Neutral
NM,Eddy,Defense
NM,Grant,Neutral
NM,Guadalupe,Neutral
NM,Harding,Neutral
NM,Hidalgo,Neutral
NM,Lea,Defense
NM,Lincoln,Defense
NM,Los Alamos,Defense
NM,Luna,Neutral
NM,McKinley,Plaintiff
NM,Mora,Plaintiff
NM,Otero,Neutral
NM,Quay,Defense
NM,Rio Arriba,Plaintiff
NM,Roosevelt,Defense
NM,Sandoval,Neutral
NM,San Juan,Defense
NM,San Miguel,Plaintiff
NM,Santa Fe,Plaintiff
NM,Sierra,Defense
NM,Socorro,Neutral
NM,Taos,Plaintiff
NM,Torrance,Neutral
NM,Union,Defense
NM,Valencia,Neutral
NV,Carson City,Neutral
NV,Churchill,Neutral
NV,Clark,Plaintiff
NV,Douglas,Defense
NV,Elko,Defense
NV,Esmeralda,Defense
NV,Eureka,Defense
NV,Humboldt,Defense
NV,Lander,Neutral
NV,Lincoln,Defense
NV,Lyon,Neutral
NV,Mineral,Neutral
NV,Nye,Defense
NV,Pershing,Neutral
NV,Storey,Neutral
NV,Washoe,Plaintiff
NV,White Pine,Defense
NY,Albany,Neutral
NY,Allegany,Defense
NY,Bronx,Plaintiff
NY,Broome,Neutral
NY,Cattaraugus,Neutral
NY,Cayuga,Neutral
NY,Chautauqua,Neutral
NY,Chemung,Defense
NY,Chenango,Defense
NY,Clinton,Defense
NY,Columbia,Neutral
NY,Cortland,Neutral
NY,Delaware,Neutral
NY,Dutchess,Neutral
NY,Erie,Plaintiff
NY,Essex,Defense
NY,Franklin,Defense
NY,Fulton,Defense
NY,Genesee,Defense
NY,Greene,Neutral
NY,Hamilton,Defense
NY,Herkimer,Defense
NY,Jefferson,Neutral
NY,Kings,Plaintiff
NY,Lewis,Defense
NY,Livingston,Defense
NY,Madison,Defense
NY,Monroe,Neutral
NY,Montgomery,Defense
NY,Nassau,Neutral
NY,New York City,Neutral
NY,Niagara,Plaintiff
NY,Oneida,Neutral
NY,Onondaga,Neutral
NY,Ontario,Neutral
NY,Orange,Defense
NY,Orleans,Defense
NY,Oswego,Neutral
NY,Otsego,Defense
NY,Putnam,Neutral
NY,Queens,Plaintiff
NY,Rensselaer,Neutral
NY,Richmond,Defense
NY,Rockland,Defense
NY,St. Lawrence,Defense
NY,Saratoga,Neutral
NY,Schenectady,Neutral
NY,Schoharie,Defense
NY,Schuyler,Defense
NY,Seneca,Defense
NY,Steuben,Defense
NY,Suffolk,Defense
NY,Sullivan,Defense
NY,Tioga,Defense
NY,Tompkins,Neutral
NY,Ulster,Neutral
NY,Warren,Defense
NY,Washington,Defense
NY,Wayne,Defense
NY,Westchester,Defense
NY,Wyoming,Defense
NY,Yates,Defense
OH,Adams,Neutral
OH,Allen,Neutral
OH,Ashland,Defense
OH,Ashtabula,Plaintiff
OH,Athens,Defense
OH,Auglaize,Defense
OH,Belmont,Defense
OH,Brown,Neutral
OH,Butler,Defense
OH,Carroll,Defense
OH,Champaign,Neutral
OH,Clark,Neutral
OH,Clermont,Defense
OH,Clinton,Neutral
OH,Columbiana,Neutral
OH,Coshocton,Defense
OH,Crawford,Neutral
OH,Cuyahoga,Plaintiff
OH,Darke,Defense
OH,Defiance,Defense
OH,Delaware,Neutral
OH,Erie,Defense
OH,Fairfield,Defense
OH,Fayette,Neutral
OH,Franklin,Neutral
OH,Fulton,Neutral
OH,Gallia,Defense
OH,Geauga,Neutral
OH,Greene,Neutral
OH,Guernsey,Plaintiff
OH,Hamilton,Defense
OH,Hancock,Defense
OH,Hardin,Defense
OH,Harrison,Defense
OH,Henry,Neutral
OH,Highland,Neutral
OH,Hocking,Defense
OH,Holmes,Defense
OH,Huron,Defense
OH,Jackson,Neutral
OH,Jefferson,Plaintiff
OH,Knox,Defense
OH,Lake,Defense
OH,Lawrence,Neutral
OH,Licking,Defense
OH,Logan,Defense
OH,Lorain,Neutral
OH,Lucas,Plaintiff
OH,Madison,Neutral
OH,Mahoning,Plaintiff
OH,Marion,Defense
OH,Medina,Neutral
OH,Meigs,Neutral
OH,Mercer,Defense
OH,Miami,Defense
OH,Monroe,Neutral
OH,Montgomery,Neutral
OH,Morgan,Neutral
OH,Morrow,Defense
OH,Muskingum,Defense
OH,Noble,Neutral
OH,Ottawa,Neutral
OH,Paulding,Defense
OH,Perry,Defense
OH,Pickaway,Defense
OH,Pike,Neutral
OH,Portage,Defense
OH,Preble,Defense
OH,Putnam,Defense
OH,Richland,Defense
OH,Ross,Neutral
OH,Sandusky,Neutral
OH,Scioto,Neutral
OH,Seneca,Defense
OH,Shelby,Defense
OH,Stark,Plaintiff
OH,Summit,Plaintiff
OH,Trumbull,Plaintiff
OH,Tuscarawas,Neutral
OH,Union,Neutral
OH,Van Wert,Defense
OH,Vinton,Defense
OH,Warren,Defense
OH,Washington,Neutral
OH,Wayne,Neutral
OH,Williams,Defense
OH,Wood,Neutral
OH,Wyandot,Defense
OK,Adair,Neutral
OK,Alfalfa,Defense
OK,Atoka,Plaintiff
OK,Beaver,Defense
OK,Beckham,Neutral
OK,Blaine,Defense
OK,Bryan,Plaintiff
OK,Caddo,Neutral
OK,Canadian,Defense
OK,Carter,Neutral
OK,Cherokee,Neutral
OK,Choctaw,Plaintiff
OK,Cimarron,Defense
OK,Cleveland,Plaintiff
OK,Coal,Neutral
OK,Comanche,Plaintiff
OK,Cotton,Neutral
OK,Craig,Neutral
OK,Creek,Plaintiff
OK,Custer,Defense
OK,Delaware,Neutral
OK,Dewey,Defense
OK,Ellis,Defense
OK,Garfield,Defense
OK,Garvin,Neutral
OK,Grady,Neutral
OK,Grant,Defense
OK,Greer,Neutral
OK,Harmon,Neutral
OK,Harper,Defense
OK,Haskell,Neutral
OK,Hughes,Neutral
OK,Jackson,Neutral
OK,Jefferson,Neutral
OK,Johnston,Neutral
OK,Kay,Defense
OK,Kingfisher,Defense
OK,Kiowa,Neutral
OK,Latimer,Plaintiff
OK,Le Flore,Plaintiff
OK,Lincoln,Defense
OK,Logan,Defense
OK,Love,Neutral
OK,McClain,Neutral
OK,McCurtain,Plaintiff
OK,McIntosh,Neutral
OK,Major,Defense
OK,Marshall,Plaintiff
OK,Mayes,Neutral
OK,Murray,Neutral
OK,Muskogee,Neutral
OK,Noble,Defense
OK,Nowata,Defense
OK,Okfuskee,Neutral
OK,Oklahoma,Plaintiff
OK,Okmulgee,Plaintiff
OK,Osage,Neutral
OK,Ottawa,Defense
OK,Pawnee,Defense
OK,Payne,Neutral
OK,Pittsburg,Plaintiff
OK,Pontotoc,Plaintiff
OK,Pottawatomie,Neutral
OK,Pushmataha,Plaintiff
OK,Roger Mills,Defense
OK,Rogers,Defense
OK,Seminole,Neutral
OK,Sequoyah,Neutral
OK,Stephens,Neutral
OK,Texas,Defense
OK,Tillman,Neutral
OK,Tulsa,Neutral
OK,Wagoner,Neutral
OK,Washington,Defense
OK,Washita,Neutral
OK,Woods,Defense
OK,Woodward,Defense
OR,Baker,Defense
OR,Benton,Defense
OR,Clackamas,Neutral
OR,Clatsop,Neutral
OR,Columbia,Neutral
OR,Coos,Neutral
OR,Crook,Defense
OR,Curry,Defense
OR,Deschutes,Neutral
OR,Douglas,Neutral
OR,Gilliam,Defense
OR,Grant,Defense
OR,Harney,Defense
OR,Hood River,Defense
OR,Jackson,Neutral
OR,Jefferson,Defense
OR,Josephine,Defense
OR,Klamath,Defense
OR,Lake,Defense
OR,Lane,Plaintiff
OR,Lincoln,Neutral
OR,Linn,Defense
OR,Malheur,Defense
OR,Marion,Neutral
OR,Morrow,Defense
OR,Multnomah,Plaintiff
OR,Polk,Defense
OR,Sherman,Defense
OR,Tillamook,Neutral
OR,Umatilla,Defense
OR,Union,Defense
OR,Wallowa,Defense
OR,Wasco,Defense
OR,Washington,Neutral
OR,Wheeler,Defense
OR,Yamhill,Defense
PA,Adams,Defense
PA,Allegheny,Plaintiff
PA,Armstrong,Defense
PA,Beaver,Defense
PA,Bedford,Defense
PA,Berks,Neutral
PA,Blair,Neutral
PA,Bradford,Defense
PA,Bucks,Neutral
PA,Butler,Defense
PA,Cambria,Neutral
PA,Cameron,Defense
PA,Carbon,Defense
PA,Centre,Plaintiff
PA,Chester,Neutral
PA,Clarion,Neutral
PA,Clearfield,Defense
PA,Clinton,Defense
PA,Columbia,Defense
PA,Crawford,Defense
PA,Cumberland,Defense
PA,Dauphin,Neutral
PA,Delaware,Neutral
PA,Elk,Defense
PA,Erie,Neutral
PA,Fayette,Defense
PA,Forest,Defense
PA,Franklin,Defense
PA,Fulton,Defense
PA,Greene,Defense
PA,Huntingdon,Defense
PA,Indiana,Defense
PA,Jefferson,Defense
PA,Juniata,Defense
PA,Lackawanna,Neutral
PA,Lancaster,Defense
PA,Lawrence,Neutral
PA,Lebanon,Defense
PA,Lehigh,Neutral
PA,Luzerne,Neutral
PA,Lycoming,Defense
PA,McKean,Defense
PA,Mercer,Defense
PA,Mifflin,Defense
PA,Monroe,Defense
PA,Montgomery,Plaintiff
PA,Montour,Defense
PA,Northampton,Defense
PA,Northumberland,Defense
PA,Perry,Defense
PA,Philadelphia,Plaintiff
PA,Pike,Defense
PA,Potter,Defense
PA,Schuylkill,Neutral
PA,Snyder,Defense
PA,Somerset,Defense
PA,Sullivan,Defense
PA,Susquehanna,Defense
PA,Tioga,Defense
PA,Union,Defense
PA,Venango,Defense
PA,Warren,Defense
PA,Washington,Neutral
PA,Wayne,Defense
PA,Westmoreland,Plaintiff
PA,Wyoming,Defense
PA,York,Defense
RI,Bristol,Neutral
RI,Kent,Neutral
RI,Newport,Neutral
RI,Providence,Plaintiff
RI,Washington,Neutral
SC,Abbeville,Neutral
SC,Aiken,Defense
SC,Allendale,Plaintiff
SC,Anderson,Neutral
SC,Bamberg,Plaintiff
SC,Barnwell,Plaintiff
SC,Beaufort,Neutral
SC,Berkeley,Neutral
SC,Calhoun,Plaintiff
SC,Charleston,Neutral
SC,Cherokee,Neutral
SC,Chester,Neutral
SC,Chesterfield,Neutral
SC,Clarendon,Plaintiff
SC,Colleton,Plaintiff
SC,Darlington,Plaintiff
SC,Dillon,Plaintiff
SC,Dorchester,Neutral
SC,Edgefield,Neutral
SC,Fairfield,Plaintiff
SC,Florence,Neutral
SC,Georgetown,Neutral
SC,Greenville,Defense
SC,Greenwood,Defense
SC,Hampton,Plaintiff
SC,Horry,Neutral
SC,Jasper,Plaintiff
SC,Kershaw,Neutral
SC,Lancaster,Neutral
SC,Laurens,Defense
SC,Lee,Plaintiff
SC,Lexington,Defense
SC,McCormick,Neutral
SC,Marion,Plaintiff
SC,Marlboro,Plaintiff
SC,Newberry,Defense
SC,Oconee,Neutral
SC,Orangeburg,Plaintiff
SC,Pickens,Neutral
SC,Richland,Plaintiff
SC,Saluda,Neutral
SC,Spartanburg,Defense
SC,Sumter,Plaintiff
SC,Union,Neutral
SC,Williamsburg,Plaintiff
SC,York,Neutral
SD,Aurora,Neutral
SD,Beadle,Neutral
SD,Bennett,Plaintiff
SD,Bon Homme,Plaintiff
SD,Brookings,Neutral
SD,Brown,Plaintiff
SD,Brule,Neutral
SD,Buffalo,Neutral
SD,Butte,Neutral
SD,Campbell,Neutral
SD,Charles Mix,Plaintiff
SD,Clark,Neutral
SD,Clay,Plaintiff
SD,Codington,Neutral
SD,Corson,Neutral
SD,Custer,Neutral
SD,Davison,Neutral
SD,Day,Neutral
SD,Deuel,Neutral
SD,Dewey,Neutral
SD,Douglas,Neutral
SD,Edmunds,Neutral
SD,Fall River,Plaintiff
SD,Faulk,Neutral
SD,Grant,Neutral
SD,Gregory,Neutral
SD,Haakon,Neutral
SD,Hamlin,Neutral
SD,Hand,Neutral
SD,Hanson,Neutral
SD,Harding,Neutral
SD,Hughes,Neutral
SD,Hutchinson,Neutral
SD,Hyde,Neutral
SD,Jackson,Neutral
SD,Jerauld,Neutral
SD,Jones,Neutral
SD,Kingsbury,Neutral
SD,Lake,Neutral
SD,Lawrence,Neutral
SD,Lincoln,Neutral
SD,Lyman,Neutral
SD,McCook,Neutral
SD,McPherson,Neutral
SD,Marshall,Neutral
SD,Meade,Neutral
SD,Mellette,Neutral
SD,Miner,Neutral
SD,Minnehaha,Neutral
SD,Moody,Neutral
SD,Pennington,Neutral
SD,Perkins,Neutral
SD,Potter,Neutral
SD,Roberts,Neutral
SD,Sanborn,Neutral
SD,Shannon,Plaintiff
SD,Spink,Neutral
SD,Stanley,Neutral
SD,Sully,Neutral
SD,Todd,Plaintiff
SD,Tripp,Plaintiff
SD,Turner,Neutral
SD,Union,Neutral
SD,Walworth,Neutral
SD,Yankton,Plaintiff
SD,Ziebach,Neutral
TN,Anderson,Neutral
TN,Bedford,Neutral
TN,Benton,Neutral
TN,Bledsoe,Neutral
TN,Blount,Neutral
TN,Bradley,Neutral
TN,Campbell,Defense
TN,Cannon,Neutral
TN,Carroll,Neutral
TN,Carter,Neutral
TN,Cheatham,Neutral
TN,Chester,Neutral
TN,Claiborne,Defense
TN,Clay,Defense
TN,Cocke,Defense
TN,Coffee,Defense
TN,Crockett,Defense
TN,Cumberland,Defense
TN,Davidson,Plaintiff
TN,Decatur,Neutral
TN,DeKalb,Neutral
TN,Dickson,Neutral
TN,Dyer,Defense
TN,Fayette,Neutral
TN,Fentress,Neutral
TN,Franklin,Neutral
TN,Gibson,Defense
TN,Giles,Neutral
TN,Grainger,Neutral
TN,Greene,Neutral
TN,Grundy,Defense
TN,Hamblen,Neutral
TN,Hamilton,Neutral
TN,Hancock,Defense
TN,Hardeman,Plaintiff
TN,Hardin,Neutral
TN,Hawkins,Defense
TN,Haywood,Plaintiff
TN,Henderson,Neutral
TN,Henry,Defense
TN,Hickman,Defense
TN,Houston,Neutral
TN,Humphreys,Neutral
TN,Jackson,Neutral
TN,Jefferson,Neutral
TN,Johnson,Neutral
TN,Knox,Defense
TN,Lake,Defense
TN,Lauderdale,Neutral
TN,Lawrence,Neutral
TN,Lewis,Neutral
TN,Lincoln,Neutral
TN,Loudon,Neutral
TN,McMinn,Neutral
TN,McNairy,Neutral
TN,Macon,Defense
TN,Madison,Plaintiff
TN,Marion,Neutral
TN,Marshall,Neutral
TN,Maury,Defense
TN,Meigs,Neutral
TN,Monroe,Defense
TN,Montgomery,Defense
TN,Moore,Neutral
TN,Morgan,Neutral
TN,Obion,Defense
TN,Overton,Neutral
TN,Perry,Neutral
TN,Pickett,Defense
TN,Polk,Defense
TN,Putnam,Neutral
TN,Rhea,Neutral
TN,Roane,Neutral
TN,Robertson,Defense
TN,Rutherford,Neutral
TN,Scott,Defense
TN,Sequatchie,Neutral
TN,Sevier,Defense
TN,Shelby,Plaintiff
TN,Smith,Neutral
TN,Stewart,Defense
TN,Sullivan,Neutral
TN,Sumner,Defense
TN,Tipton,Neutral
TN,Trousdale,Neutral
TN,Unicoi,Neutral
TN,Union,Neutral
TN,Van Buren,Neutral
TN,Warren,Neutral
TN,Washington,Neutral
TN,Wayne,Neutral
TN,Weakley,Defense
TN,White,Neutral
TN,Williamson,Defense
TN,Wilson,Neutral
TX,Anderson,Plaintiff
TX,Andrews,Defense
TX,Angelina,Neutral
TX,Aransas,Plaintiff
TX,Archer,Defense
TX,Armstrong,Defense
TX,Atascosa,Plaintiff
TX,Austin,Defense
TX,Bailey,Defense
TX,Bandera,Neutral
TX,Bastrop,Defense
TX,Baylor,Defense
TX,Bee,Plaintiff
TX,Bell,Neutral
TX,Bexar,Plaintiff
TX,Blanco,Neutral
TX,Borden,Neutral
TX,Bosque,Neutral
TX,Bowie,Plaintiff
TX,Brazoria,Plaintiff
TX,Brazos,Neutral
TX,Brewster,Plaintiff
TX,Briscoe,Defense
TX,Brooks,Neutral
TX,Brown,Neutral
TX,Burleson,Defense
TX,Burnet,Neutral
TX,Caldwell,Neutral
TX,Calhoun,Plaintiff
TX,Callahan,Neutral
TX,Cameron,Plaintiff
TX,Camp,Plaintiff
TX,Carson,Defense
TX,Cass,Plaintiff
TX,Castro,Neutral
TX,Chambers,Plaintiff
TX,Cherokee,Plaintiff
TX,Childress,Defense
TX,Clay,Defense
TX,Cochran,Neutral
TX,Coke,Defense
TX,Coleman,Neutral
TX,Collin,Neutral
TX,Collingsworth,Neutral
TX,Colorado,Neutral
TX,Comal,Neutral
TX,Comanche,Neutral
TX,Concho,Neutral
TX,Cooke,Neutral
TX,Coryell,Neutral
TX,Cottle,Defense
TX,Crane,Neutral
TX,Crockett,Neutral
TX,Crosby,Neutral
TX,Culberson,Plaintiff
TX,Dallam,Neutral
TX,Dallas,Plaintiff
TX,Dawson,Plaintiff
TX,Deaf Smith,Neutral
TX,Delta,Plaintiff
TX,Denton,Neutral
TX,DeWitt,Plaintiff
TX,Dickens,Neutral
TX,Dimmit,Plaintiff
TX,Donley,Neutral
TX,Duval,Plaintiff
TX,Eastland,Neutral
TX,Ector,Plaintiff
TX,Edwards,Neutral
TX,Ellis,Defense
TX,El Paso,Plaintiff
TX,Erath,Neutral
TX,Falls,Defense
TX,Fannin,Plaintiff
TX,Fayette,Neutral
TX,Fisher,Neutral
TX,Floyd,Neutral
TX,Foard,Defense
TX,Fort Bend,Plaintiff
TX,Franklin,Neutral
TX,Freestone,Neutral
TX,Frio,Plaintiff
TX,Gaines,Neutral
TX,Galveston,Plaintiff
TX,Garza,Neutral
TX,Gillespie,Neutral
TX,Glasscock,Neutral
TX,Goliad,Plaintiff
TX,Gonzales,Plaintiff
TX,Gray,Neutral
TX,Grayson,Neutral
TX,Gregg,Plaintiff
TX,Grimes,Neutral
TX,Guadalupe,Plaintiff
TX,Hale,Neutral
TX,Hall,Defense
TX,Hamilton,Neutral
TX,Hansford,Neutral
TX,Hardeman,Defense
TX,Hardin,Plaintiff
TX,Harris,Plaintiff
TX,Harrison,Plaintiff
TX,Hartley,Neutral
TX,Haskell,Defense
TX,Hays,Neutral
TX,Hemphill,Neutral
TX,Henderson,Neutral
TX,Hidalgo,Plaintiff
TX,Hill,Neutral
TX,Hockley,Neutral
TX,Hood,Neutral
TX,Hopkins,Plaintiff
TX,Houston,Plaintiff
TX,Howard,Neutral
TX,Hudspeth,Plaintiff
TX,Hunt,Plaintiff
TX,Hutchinson,Neutral
TX,Irion,Neutral
TX,Jack,Defense
TX,Jackson,Plaintiff
TX,Jasper,Plaintiff
TX,Jeff Davis,Plaintiff
TX,Jefferson,Plaintiff
TX,Jim Hogg,Plaintiff
TX,Jim Wells,Plaintiff
TX,Johnson,Neutral
TX,Jones,Neutral
TX,Karnes,Plaintiff
TX,Kaufman,Neutral
TX,Kendall,Defense
TX,Kenedy,Plaintiff
TX,Kent,Neutral
TX,Kerr,Defense
TX,Kimble,Neutral
TX,King,Defense
TX,Kinney,Plaintiff
TX,Kleberg,Plaintiff
TX,Knox,Defense
TX,Lamar,Plaintiff
TX,Lamb,Neutral
TX,Lampasas,Neutral
TX,La Salle,Plaintiff
TX,Lavaca,Defense
TX,Lee,Defense
TX,Leon,Plaintiff
TX,Liberty,Plaintiff
TX,Limestone,Neutral
TX,Lipscomb,Defense
TX,Live Oak,Plaintiff
TX,Llano,Neutral
TX,Loving,Neutral
TX,Lubbock,Neutral
TX,Lynn,Neutral
TX,McCulloch,Neutral
TX,McLennan,Defense
TX,McMullen,Plaintiff
TX,Madison,Neutral
TX,Marion,Plaintiff
TX,Martin,Neutral
TX,Mason,Neutral
TX,Matagorda,Plaintiff
TX,Maverick,Plaintiff
TX,Medina,Plaintiff
TX,Menard,Neutral
TX,Midland,Neutral
TX,Milam,Plaintiff
TX,Mills,Neutral
TX,Mitchell,Neutral
TX,Montague,Defense
TX,Montgomery,Neutral
TX,Moore,Neutral
TX,Morris,Plaintiff
TX,Motley,Neutral
TX,Nacogdoches,Defense
TX,Navarro,Neutral
TX,Newton,Plaintiff
TX,Nolan,Neutral
TX,Nueces,Plaintiff
TX,Ochiltree,Neutral
TX,Oldham,Neutral
TX,Orange,Plaintiff
TX,Palo Pinto,Defense
TX,Panola,Plaintiff
TX,Parker,Defense
TX,Parmer,Neutral
TX,Pecos,Plaintiff
TX,Polk,Plaintiff
TX,Potter,Neutral
TX,Presidio,Plaintiff
TX,Rains,Plaintiff
TX,Randall,Defense
TX,Reagan,Neutral
TX,Real,Neutral
TX,Red River,Plaintiff
TX,Reeves,Plaintiff
TX,Refugio,Plaintiff
TX,Roberts,Defense
TX,Robertson,Plaintiff
TX,Rockwall,Neutral
TX,Runnels,Neutral
TX,Rusk,Plaintiff
TX,Sabine,Plaintiff
TX,San Augustine,Plaintiff
TX,San Jacinto,Plaintiff
TX,San Patricio,Plaintiff
TX,San Saba,Neutral
TX,Schleicher,Neutral
TX,Scurry,Neutral
TX,Shackelford,Defense
TX,Shelby,Plaintiff
TX,Sherman,Neutral
TX,Smith,Neutral
TX,Somervell,Neutral
TX,Starr,Plaintiff
TX,Stephens,Defense
TX,Sterling,Neutral
TX,Stonewall,Neutral
TX,Sutton,Neutral
TX,Swisher,Neutral
TX,Tarrant,Neutral
TX,Taylor,Neutral
TX,Terrell,Plaintiff
TX,Terry,Neutral
TX,Throckmorton,Defense
TX,Titus,Neutral
TX,Tom Green,Neutral
TX,Travis,Plaintiff
TX,Trinity,Plaintiff
TX,Tyler,Plaintiff
TX,Upshur,Plaintiff
TX,Upton,Neutral
TX,Uvalde,Plaintiff
TX,Val Verde,Plaintiff
TX,Van Zandt,Neutral
TX,Victoria,Plaintiff
TX,Walker,Neutral
TX,Waller,Neutral
TX,Ward,Neutral
TX,Washington,Neutral
TX,Webb,Plaintiff
TX,Wharton,Neutral
TX,Wheeler,Neutral
TX,Wichita,Defense
TX,Wilbarger,Defense
TX,Willacy,Plaintiff
TX,Williamson,Defense
TX,Wilson,Neutral
TX,Winkler,Neutral
TX,Wise,Neutral
TX,Wood,Plaintiff
TX,Yoakum,Neutral
TX,Young,Defense
TX,Zapata,Plaintiff
TX,Zavala,Plaintiff
UT,Beaver,Defense
UT,Box Elder,Defense
UT,Cache,Defense
UT,Carbon,Neutral
UT,Daggett,Defense
UT,Davis,Defense
UT,Duchesne,Defense
UT,Emery,Defense
UT,Garfield,Defense
UT,Grand,Defense
UT,Iron,Defense
UT,Juab,Defense
UT,Kane,Defense
UT,Millard,Defense
UT,Morgan,Defense
UT,Piute,Defense
UT,Rich,Defense
UT,Salt Lake,Neutral
UT,San Juan,Defense
UT,Sanpete,Defense
UT,Sevier,Defense
UT,Summit,Neutral
UT,Tooele,Neutral
UT,Uintah,Neutral
UT,Utah,Defense
UT,Wasatch,Defense
UT,Washington,Defense
UT,Wayne,Defense
UT,Weber,Neutral
VA,Accomack,Neutral
VA,Albemarle,Neutral
VA,Alleghany,Neutral
VA,Amelia,Neutral
VA,Amherst,Defense
VA,Appomattox,Neutral
VA,Arlington,Defense
VA,Augusta,Defense
VA,Bath,Neutral
VA,Bedford,Defense
VA,Bland,Neutral
VA,Botetourt,Defense
VA,Brunswick,Neutral
VA,Buchanan,Neutral
VA,Buckingham,Neutral
VA,Campbell,Neutral
VA,Caroline,Defense
VA,Carroll,Neutral
VA,Charles City,Plaintiff
VA,Charlotte,Defense
VA,Chesapeake,Neutral
VA,Chesterfield,Defense
VA,Clarke,Neutral
VA,Craig,Neutral
VA,Culpeper,Neutral
VA,Cumberland,Neutral
VA,Dickenson,Neutral
VA,Dinwiddie,Neutral
VA,Essex,Neutral
VA,Fairfax,Neutral
VA,Fauquier,Defense
VA,Floyd,Neutral
VA,Fluvanna,Neutral
VA,Franklin,Defense
VA,Frederick,Defense
VA,Giles,Neutral
VA,Gloucester,Neutral
VA,Goochland,Defense
VA,Grayson,Neutral
VA,Greene,Defense
VA,Greensville,Neutral
VA,Halifax,Neutral
VA,Hampton,Neutral
VA,Hanover,Defense
VA,Henrico,Defense
VA,Henry,Neutral
VA,Highland,Neutral
VA,Isle Of Wight,Neutral
VA,James City,Neutral
VA,King And Queen,Neutral
VA,King George,Neutral
VA,King William,Neutral
VA,Lancaster,Neutral
VA,Lee,Neutral
VA,Loudoun,Defense
VA,Louisa,Neutral
VA,Lunenburg,Defense
VA,Madison,Defense
VA,Mathews,Neutral
VA,Mecklenburg,Neutral
VA,Middlesex,Neutral
VA,Montgomery,Neutral
VA,Nelson,Defense
VA,New Kent,Neutral
VA,Newport News,Neutral
VA,Northampton,Neutral
VA,Northumberland,Neutral
VA,Nottoway,Neutral
VA,Orange,Defense
VA,Page,Neutral
VA,Patrick,Neutral
VA,Pittsylvania,Neutral
VA,Powhatan,Defense
VA,Prince Edward,Neutral
VA,Prince George,Neutral
VA,Prince William,Neutral
VA,Pulaski,Neutral
VA,Rappahannock,Neutral
VA,Richmond,Neutral
VA,Roanoke,Neutral
VA,Rockbridge,Defense
VA,Rockingham,Defense
VA,Russell,Neutral
VA,Scott,Defense
VA,Shenandoah,Defense
VA,Smyth,Defense
VA,Southampton,Neutral
VA,Spotsylvania,Neutral
VA,Stafford,Neutral
VA,Suffolk,Neutral
VA,Surry,Neutral
VA,Sussex,Neutral
VA,Tazewell,Neutral
VA,Virginia Beach,Neutral
VA,Warren,Neutral
VA,Washington,Defense
VA,Westmoreland,Neutral
VA,Wise,Neutral
VA,Wythe,Neutral
VA,York,Neutral
VT,Addison,Neutral
VT,Bennington,Plaintiff
VT,Caledonia,Defense
VT,Chittenden,Neutral
VT,Essex,Defense
VT,Franklin,Defense
VT,Grand Isle,Defense
VT,Lamoille,Neutral
VT,Orange,Neutral
VT,Orleans,Defense
VT,Rutland,Neutral
VT,Washington,Neutral
VT,Windham,Plaintiff
VT,Windsor,Plaintiff
WA,Adams,Defense
WA,Asotin,Defense
WA,Benton,Neutral
WA,Chelan,Neutral
WA,Clallam,Neutral
WA,Clark,Neutral
WA,Columbia,Defense
WA,Cowlitz,Defense
WA,Douglas,Neutral
WA,Ferry,Defense
WA,Franklin,Neutral
WA,Garfield,Defense
WA,Grant,Neutral
WA,Grays Harbor,Neutral
WA,Island,Defense
WA,Jefferson,Neutral
WA,King,Plaintiff
WA,Kitsap,Neutral
WA,Kittitas,Defense
WA,Klickitat,Defense
WA,Lewis,Plaintiff
WA,Lincoln,Defense
WA,Mason,Neutral
WA,Okanogan,Defense
WA,Pacific,Neutral
WA,Pend Oreille,Defense
WA,Pierce,Plaintiff
WA,San Juan,Defense
WA,Skagit,Neutral
WA,Skamania,Defense
WA,Snohomish,Plaintiff
WA,Spokane,Neutral
WA,Stevens,Defense
WA,Thurston,Plaintiff
WA,Wahkiakum,Defense
WA,Walla Walla,Defense
WA,Whatcom,Neutral
WA,Whitman,Defense
WA,Yakima,Neutral
WI,Adams,Defense
WI,Ashland,Defense
WI,Barron,Defense
WI,Bayfield,Defense
WI,Brown,Neutral
WI,Buffalo,Defense
WI,Burnett,Neutral
WI,Calumet,Defense
WI,Chippewa,Neutral
WI,Clark,Defense
WI,Columbia,Defense
WI,Crawford,Defense
WI,Dane,Plaintiff
WI,Dodge,Defense
WI,Door,Defense
WI,Douglas,Neutral
WI,Dunn,Defense
WI,Eau Claire,Neutral
WI,Florence,Defense
WI,Fond Du Lac,Neutral
WI,Forest,Defense
WI,Grant,Defense
WI,Green,Defense
WI,Green Lake,Defense
WI,Iowa,Defense
WI,Iron,Defense
WI,Jackson,Defense
WI,Jefferson,Defense
WI,Juneau,Defense
WI,Kenosha,Neutral
WI,Kewaunee,Defense
WI,La Crosse,Neutral
WI,Lafayette,Defense
WI,Langlade,Defense
WI,Lincoln,Defense
WI,Manitowoc,Neutral
WI,Marathon,Neutral
WI,Marinette,Defense
WI,Marquette,Defense
WI,Menominee,Neutral
WI,Milwaukee,Plaintiff
WI,Monroe,Defense
WI,Oconto,Defense
WI,Oneida,Defense
WI,Outagamie,Neutral
WI,Ozaukee,Defense
WI,Pepin,Defense
WI,Pierce,Defense
WI,Polk,Neutral
WI,Portage,Defense
WI,Price,Defense
WI,Racine,Neutral
WI,Richland,Defense
WI,Rock,Neutral
WI,Rusk,Defense
WI,St. Croix,Neutral
WI,Sauk,Defense
WI,Sawyer,Defense
WI,Shawano,Defense
WI,Sheboygan,Defense
WI,Taylor,Defense
WI,Trempealeau,Defense
WI,Vernon,Defense
WI,Vilas,Defense
WI,Walworth,Neutral
WI,Washburn,Defense
WI,Washington,Defense
WI,Waukesha,Defense
WI,Waupaca,Defense
WI,Waushara,Defense
WI,Winnebago,Neutral
WI,Wood,Defense
WV,Barbour,Defense
WV,Berkeley,Neutral
WV,Boone,Plaintiff
WV,Braxton,Defense
WV,Brooke,Plaintiff
WV,Cabell,Neutral
WV,Calhoun,Defense
WV,Clay,Defense
WV,Doddridge,Defense
WV,Fayette,Neutral
WV,Gilmer,Defense
WV,Grant,Defense
WV,Greenbrier,Neutral
WV,Hampshire,Defense
WV,Hancock,Plaintiff
WV,Hardy,Defense
WV,Harrison,Neutral
WV,Jackson,Defense
WV,Jefferson,Neutral
WV,Kanawha,Plaintiff
WV,Lewis,Defense
WV,Lincoln,Plaintiff
WV,Logan,Plaintiff
WV,McDowell,Plaintiff
WV,Marion,Neutral
WV,Marshall,Plaintiff
WV,Mason,Defense
WV,Mercer,Plaintiff
WV,Mineral,Defense
WV,Mingo,Plaintiff
WV,Monongalia,Plaintiff
WV,Monroe,Defense
WV,Morgan,Defense
WV,Nicholas,Defense
WV,Ohio,Plaintiff
WV,Pendleton,Defense
WV,Pleasants,Neutral
WV,Pocahontas,Defense
WV,Preston,Neutral
WV,Putnam,Defense
WV,Raleigh,Neutral
WV,Randolph,Neutral
WV,Ritchie,Defense
WV,Roane,Defense
WV,Summers,Defense
WV,Taylor,Defense
WV,Tucker,Defense
WV,Tyler,Defense
WV,Upshur,Defense
WV,Wayne,Neutral
WV,Webster,Defense
WV,Wetzel,Neutral
WV,Wirt,Defense
WV,Wood,Neutral
WV,Wyoming,Plaintiff
WY,Albany,Neutral
WY,Big Horn,Neutral
WY,Campbell,Neutral
WY,Carbon,Neutral
WY,Converse,Neutral
WY,Crook,Neutral
WY,Fremont,Neutral
WY,Goshen,Neutral
WY,Hot Springs,Neutral
WY,Johnson,Neutral
WY,Laramie,Neutral
WY,Lincoln,Neutral
WY,Natrona,Plaintiff
WY,Niobrara,Neutral
WY,Park,Neutral
WY,Platte,Neutral
WY,Sheridan,Neutral
WY,Sublette,Neutral
WY,Sweetwater,Neutral
WY,Teton,Neutral
WY,Uinta,Neutral
WY,Washakie,Neutral
WY,Weston,Neutral
